{
  "homeSuggestions": [
    {
      "id": 1,
      "productType": "laptop",
      "path": "lenovoLaptops",
      "redirectedPath": "electronics/laptops/lenovoLaptops/1",
      "image": "../../../images/Electronics/Laptops/Lenovo/Lenovo IdeaPad 3 Core i3 11th Gen  (8 GB 512 GB SSD Windows 11 Home).jpg",
      "text": "Lenovo IdeaPad 3 Core i3 11th Gen - (8 GB/512 GB SSD/Windows 11 Home)",
      "height": 300,
      "width": 150,
      "brand": "Lenovo",
      "name": "Lenovo IdeaPad 3 Core i3 11th Gen - (8 GB/512 GB SSD/Windows 11 Home) 82H801L7IN | 82H802FJIN | 82H802L3IN | 82H801LHIN Thin and Light Laptop  (15.6 inch, Arctic Grey, 1.65 kg, With MS Office)",
      "cost": 40000,
      "os": "Windows 11 Home",
      "processorBrand": "intel",
      "processorName": "core i3",
      "processorGeneration": "11th Gen",
      "clockSpeed": "1.7 GHz upto max turbo frequency at 4.1 Ghz",
      "cache": 6,
      "numberOfCores": 2,
      "ram": 8,
      "ramType": "DDR4",
      "expandableMemory": "upto 12 GB",
      "internalStorage": 512,
      "storageType": "SSD",
      "color": "Arctic Grey",
      "weight": "1.65 KG",
      "size": 15.6,
      "dimensions": "359.2 x 236.5 x 19.9 mm",
      "mic": "Yes",
      "bluetooth": "v5.0",
      "wirelessLAN": "11ac, 2x2",
      "keyboard": "Non-backlit, English",
      "backlitKeyboard": "No",
      "model": "15ITL6",
      "type": "Thin and Light Laptop",
      "series": "IdeaPad 3",
      "msOffice": "Yes",
      "suitable": "Processing and Multitasking",
      "salesPackage": "Laptop, Power Adaptor, User Guide, Warranty Documents",
      "description": "Get an opportunity to work anytime and from anywhere as you bring home the Lenovo IdeaPad 3 Core i3 11th Gen laptop. It features a slim 19.9 mm body and weight of about 1.41 kg to ensure flexible portability and stylish looks no matter where you go. Also, its 35.56 cm (14) Full HD display with four-sided narrow bezels renders immersive visuals. Moreover, this laptop is powered by an 11th generation processor and high speed SSD storage that allows you to enjoy efficient performance and massive storage.",
      "like": true
    },
    {
      "id": 2,
      "path": "lenovoLaptops",
      "redirectedPath": "electronics/laptops/lenovoLaptops/2",
      "productType": "laptop",
      "image": "../../../images/Electronics/Laptops/Lenovo/Lenovo Ideapad Gaming 3 Ryzen 5 Hexa Core AMD R5-5600H - (8 GB 512 GB SSD Windows 11 Home 4 GB Graphics NVIDIA GeForce GTX 1650 120 Hz).jpg",
      "text": "Lenovo Ideapad Gaming 3 Ryzen 5 Hexa Core AMD R5-5600H - (8 GB/512 GB SSD/Windows 11 Home/4 GB Graphics/NVIDIA GeForce GTX 1650/120 Hz)",
      "height": 300,
      "width": 150,
      "brand": "Lenovo",
      "name": "Lenovo Ideapad Gaming 3 Ryzen 5 Hexa Core AMD R5-5600H - (8 GB/512 GB SSD/Windows 11 Home/4 GB Graphics/NVIDIA GeForce GTX 1650/120 Hz) 15ACH6| 15ACH6D1| IdeaPad Gaming3 15ACH6D1 Gaming Laptop  (15.6 inch, Shadow Black, 2.25$$kg kg)",
      "cost": 66990,
      "os": "Windows 11 Home",
      "processorBrand": "AMD",
      "processorName": "R5-5600H",
      "processorGeneration": "Ryzen 5",
      "clockSpeed": "1.7 GHz upto max turbo frequency at 4.1 Ghz",
      "cache": 6,
      "numberOfCores": 2,
      "ram": 8,
      "ramType": "DDR4",
      "expandableMemory": "upto 12 GB",
      "internalStorage": 512,
      "storageType": "SSD",
      "color": "Arctic Grey",
      "weight": "1.65 KG",
      "size": 15.6,
      "dimensions": "359.2 x 236.5 x 19.9 mm",
      "mic": "Yes",
      "bluetooth": "v5.0",
      "wirelessLAN": "11ac, 2x2",
      "keyboard": "backlit, English",
      "backlitKeyboard": "No",
      "model": "15ITL6",
      "type": "Thin and Light Laptop",
      "series": "IdeaPad 3",
      "msOffice": "Yes",
      "suitable": "Processing and Multitasking",
      "salesPackage": "Laptop, Power Adaptor, User Guide, Warranty Documents",
      "description": "Get an opportunity to work anytime and from anywhere as you bring home the Lenovo IdeaPad 3 Core i3 11th Gen laptop. It features a slim 19.9 mm body and weight of about 1.41 kg to ensure flexible portability and stylish looks no matter where you go. Also, its 35.56 cm (14) Full HD display with four-sided narrow bezels renders immersive visuals. Moreover, this laptop is powered by an 11th generation processor and high speed SSD storage that allows you to enjoy efficient performance and massive storage.",
      "like": true
    },
    {
      "id": 3,
      "productType": "laptop",
      "path": "hpLaptops",
      "redirectedPath": "electronics/laptops/hpLaptops/1",
      "image": "../../../../images/Electronics/Laptops/Hp/HP Pavilion Intel Core i5 12th Gen - (16 GB 512 GB SSD Windows 11 Home) 14-dv2014TU.jpg",
      "text": "Lenovo IdeaPad 3 Core i5 11th Gen - (8 GB/512 GB SSD/Windows 11 Home)",
      "height": 300,
      "width": 150,
      "brand": "Hp",
      "name": "HP Pavilion Intel Core i5 12th Gen - (16 GB/512 GB SSD/Windows 11 Home) 14-dv2014TU Thin and Light Laptop  (14 inch, Natural Silver, 1.41 Kg, With MS Office)",
      "cost": 67780,
      "os": "Windows 11 Home",
      "processorBrand": "intel",
      "processorName": "core i5",
      "processorGeneration": "12th Gen",
      "clockSpeed": "1.7 GHz upto max turbo frequency at 4.1 Ghz",
      "cache": 8,
      "numberOfCores": 4,
      "ram": 8,
      "ramType": "DDR4",
      "expandableMemory": "upto 12 GB",
      "internalStorage": 512,
      "storageType": "SSD",
      "color": "Arctic Grey",
      "weight": "1.65 KG",
      "size": 15.6,
      "dimensions": "359.2 x 236.5 x 19.9 mm",
      "mic": "Yes",
      "bluetooth": "v5.0",
      "wirelessLAN": "11ac, 2x2",
      "keyboard": "Non-backlit, English",
      "backlitKeyboard": "No",
      "model": "15ITL6",
      "type": "Thin and Light Laptop",
      "series": "IdeaPad 3",
      "msOffice": "Yes",
      "suitable": "Processing and Multitasking",
      "salesPackage": "Laptop, Power Adaptor, User Guide, Warranty Documents",
      "description": "Get an opportunity to work anytime and from anywhere as you bring home the Lenovo IdeaPad 3 Core i3 11th Gen laptop. It features a slim 19.9 mm body and weight of about 1.41 kg to ensure flexible portability and stylish looks no matter where you go. Also, its 35.56 cm (14) Full HD display with four-sided narrow bezels renders immersive visuals. Moreover, this laptop is powered by an 11th generation processor and high speed SSD storage that allows you to enjoy efficient performance and massive storage."
    },
    {
      "id": 4,
      "productType": "mobile",
      "path": "onePlusMobiles",
      "redirectedPath": "mobiles/onePlusMobiles/1",
      "image": "../../images/Mobiles/OnePlus/OnePlus9pro5g.jpg",
      "text": "OnePlus 9 Pro 5g (Morning Mist, 6GB, 128 GB)",
      "cost": 40000,
      "ram": 6,
      "rom": 128,
      "color": "Morning Mist",
      "processor": "Qualcom Snapdragon 875 5G",
      "camera": "48 MP Rear Camera",
      "battery": 5000,
      "os": "Android",
      "version": "12",
      "charger": 67,
      "display": "17inch, 120Hz Fluid Amoled Display",
      "width": 170,
      "height": 350,
      "description": "Rear Quad Camera Co-Developed by Hasselblad, 48 MP Main camera, 50 MP Ultra Wide Angle Camera with Sensor size of 1/1.56'', 8 MP Telepoto Lens, 2 MP Monochorme Lens,16 MP Front Camera Qualcomm Snapdragon 888 Processor with Adreno 660 GPU 6.7 Inches Fluid AMOLED Display with 120Hz refresh rate with Latest LTPO technology OnePlus Oxygen OS based on Andriod 11 Comes with 4500 mAh Battery with 65W Wired Charging and 50W Wireless Charging capability",
      "like": true
    },
    {
      "id": 5,
      "productType": "mobile",
      "path": "iphoneMobiles",
      "redirectedPath": "mobiles/iphoneMobiles/1",
      "image": "../../images/Mobiles/Iphones/Iphone 14 Blue (128 GB).jpg",
      "text": "Iphone 14 Blue (128 GB)",
      "cost": 80000,
      "os": " ios",
      "version": "16",
      "ram": false,
      "rom": 128,
      "color": "Blue",
      "processor": "A15 Bionic Chip, 6 Core Processor Processor",
      "camera": "12MP + 12MP | 12MP Front Camera",
      "battery": 5000,
      "charger": false,
      "display": 6.1,
      "width": 250,
      "height": 350,
      "description": "Rated IP68 (Maximum Depth of 6 Metres Upto 30 Minutes) Under IEC Standard 60529, 16 Core Neural Engine, Enabled by TrueDepth Camera for Facial Recognition, Emergency SOS, Crash Detection, Digital Compass, Wi-Fi, Cellular, iBeacon Micro-Location, FaceTime Video Calling Over Cellular or Wi?Fi, FaceTime HD (1080p) Video Calling Over 5G or Wi-Fi, Share Experiences Like Movies, TV, Music and Other Apps in a FaceTime Call with SharePlay, Screen Sharing, Portrait Mode in FaceTime Video, Spatial Audio, Voice Isolation and Wide Spectrum, Microphone Modes, Zoom with Rear-Facing Camera, FaceTime Audio, Voice over LTE (VoLTE), Wi-Fi Calling, Spatial Audio Playback, User Configurable Maximum Volume Limit, HDR with Dolby Vision, HDR10 and HLG Upto 4K HDR AirPlay for Mirroring, Photos and Video Out to Apple TV (2nd generation or later) or AirPlay 2 Enabled Smart TV, Video Mirroring and Video Out Support: Upto 1080p Through Lightning Digital AV Adapter and Lightning to VGA Adapter (Adapters Sold Separately), MagSafe Wireless Charging Upto 15 W, Qi Wireless Charging Upto 7.5 W, Charging via USB to Computer System or Power Adapter, Magnet Array, Voice Control, Voice Over, Zoom, Magnifier, RTT and TTY Support, Siri and Dictation, Type to Siri, Switch Control, Closed Captions, Assistive Touch, Spoken Content, Back Tap, Alignment Magnet, Accessory Identification NFC, Magnetometer, System Requirement: Apple ID (Required for Some Features), Internet Access, Syncing to a Mac or PC Requires: macOS Catalina 10.15 or Later Using the Finder, macOS El Capitan 10.11.6 Through macOS Mojave 10.14.6 Using iTunes 12.8 or Later, Windows 7 or Later Using iTunes 12.10.10 or Later (Free Download from apple.com/in/itunes/download), Rating for Hearing Aids: M3, T4",
      "like": true
    },
    {
      "id": 6,
      "productType": "mobile",
      "path": "onePlusMobiles",
      "redirectedPath": "mobiles/onePlusMobiles/2",
      "image": "../../images/Mobiles/Oneplus/Oneplus 10R(Sierra Black, 256 Gb).jpg",
      "text": "Oneplus 10R (Sierra Black, 256 Gb) (8 GB)",
      "cost": 50000,
      "os": " Android",
      "version": "12",
      "ram": 8,
      "rom": 256,
      "color": "Sierra Black",
      "processor": "Qualcom Snapdrago 888 5G",
      "camera": "64 MP(Rear) + 50 MP(Front)",
      "battery": 5000,
      "charger": 67,
      "display": 17,
      "width": 170,
      "height": 350,
      "description": "Rear Quad Camera Co-Developed by Hasselblad, 64 MP Main camera, 50 MP Ultra Wide Angle Camera with Sensor size of 1/1.56'', 8 MP Telepoto Lens, 2 MP Monochorme Lens,16 MP Front Camera Qualcomm Snapdragon 888 Processor with Adreno 660 GPU 6.7 Inches Fluid AMOLED Display with 120Hz refresh rate with Latest LTPO technology OnePlus Oxygen OS based on Andriod 11 Comes with 4500 mAh Battery with 65W Wired Charging and 50W Wireless Charging capability",
      "like": true
    },
    {
      "id": 7,
      "productType": "mobile",
      "path": "iphoneMobiles",
      "redirectedPath": "mobiles/iphoneMobiles/2",
      "image": "../../images/Mobiles/Iphones/APPLE iPhone 13 Pro Max (Sierra Blue, 512 GB).jpg",
      "text": "IPhone 13 Pro (Sierra Blue, 512)",
      "cost": 99999,
      "os": " ios",
      "version": "16",
      "ram": false,
      "rom": 512,
      "color": "Sierra Blue",
      "processor": "A15 Bionic Chip, 6 Core Processor ",
      "camera": "12MP + 12MP + 12MP (Rear Camer) | 12MP (Front Camera)",
      "battery": 5000,
      "charger": false,
      "display": 6.1,
      "width": 250,
      "height": 350,
      "description": "Phone 13. boasts an advanced dual-camera system that allows you to click mesmerising pictures with immaculate clarity. Furthermore, the lightning-fast A15 Bionic chip allows for seamless multitasking, elevating your performance to a new dimension. A big leap in battery life, a durable design, and a bright Super Retina XDR display facilitate boosting your user experience.",
      "like": false
    },
    {
      "id": 8,
      "productType": "mobile",
      "path": "onePlusMobiles",
      "redirectedPath": "mobiles/onePlusMobiles/3",
      "image": "../../images/Mobiles/Oneplus/OnePlus 10T 5g(Moonstone Black, 256 Gb).jpg",
      "text": "OnePlus 10T 5g(Moonstone Black, 256 Gb)",
      "cost": 48000,
      "os": " Android",
      "version": "12",
      "ram": 8,
      "rom": 256,
      "color": "Moonstone Black",
      "processor": "Mediatek Dimensity 8000 5G",
      "camera": "50 MP Rear Camera + 20 MP Front Camera",
      "battery": 5000,
      "charger": 67,
      "display": 17,
      "width": 170,
      "height": 350,
      "description": "Rear Quad Camera Co-Developed by Hasselblad, 48 MP Main camera, 50 MP Ultra Wide Angle Camera with Sensor size of 1/1.56'', 8 MP Telepoto Lens, 2 MP Monochorme Lens,16 MP Front Camera Qualcomm Snapdragon 888 Processor with Adreno 660 GPU 6.7 Inches Fluid AMOLED Display with 120Hz refresh rate with Latest LTPO technology OnePlus Oxygen OS based on Andriod 11 Comes with 4500 mAh Battery with 65W Wired Charging and 50W Wireless Charging capability"
    },
    {
      "id": 9,
      "productType": "mobile",
      "path": "iphoneMobiles",
      "redirectedPath": "mobiles/iphoneMobiles/3",
      "image": "../../images/Mobiles/Iphones/APPLE iPhone 12 Mini (Blue, 64 GB).jpg",
      "text": "IPhone 12 Mini (Blue, 64 GB)",
      "cost": 44999,
      "os": " ios",
      "version": "16",
      "ram": false,
      "rom": 64,
      "color": "Sierra Blue",
      "processor": "A14 Bionic Chip",
      "camera": "12MP + 12MP (Rear Camer) | 12MP (Front Camera)",
      "battery": 5000,
      "charger": false,
      "display": 5.4,
      "width": 250,
      "height": 350,
      "description": "Dive into a world of crystal-clear visuals with this iPhone’s Super Retina XDR Display. This beast of a smartphone packs the A14 Bionic chip to make for blazing-fast performance speeds. On top of that, its Dual-camera System, along with Night Mode, helps you click amazing pictures and selfies even when the lighting isn’t as good as you’d want it to be.",
      "like": true
    },
    {
      "id": 10,
      "productType": "mobile",
      "path": "redmiMobiles",
      "redirectedPath": "mobiles/redmiMobiles/1",
      "image": "../../images/Mobiles/Redmi/Redmi Note 11 PRO Plus 5G (Phantom White).jpg",
      "text": "Redmi Note 11 PRO Plus 5G (Phantom White 8Gb , 128Gb)",
      "cost": 21999,
      "os": " Android",
      "version": "12",
      "ram": 8,
      "rom": 128,
      "color": "Phantom White",
      "processor": "Mediatek Dimensity 8000 5G",
      "camera": "12MP + 12MP (Rear Camer) | 12MP (Front Camera)",
      "battery": 5000,
      "charger": 33,
      "display": 5.4,
      "width": 170,
      "height": 350,
      "description": "he latest Snapdragon 695 5G SoC ensures superior performance and gaming experience. The device is future-ready with support for 7 5G bands. The Liquidcool technology ensures that your phone remains cool even while running intensive tasks The 6.67 inch FHD+ 120Hz AMOLED display along with 360Hz touch sampling and 1200 nits peak brightness, brings out immersive picture quality and ensures smoother and faster response. Display is protected by Corning Gorilla Glass 5 The 67W fast charger that comes in the box, powers the massive 5000mAh battery to 50% in less than 15 mins which gives you enough power to last the entire day The triple camera setup with flagship 108MP HM2 sensor, 8MP Ultra-Wide sensor and 2MP Macro sensor ensures flawless photography. The 108MP camera delivers images with crystal clear clarity even when zoomed in. The three cameras work together to bring out the best images in all scenarios The dual stereo speakers setup brings out loud and balanced audio from the device, making the gaming, multimedia experience extremely captivating Alexa Hands-Free capable: Download the Alexa app to use Alexa hands-free. Play music, make calls, hear news, open apps, navigate, and more, all using just your voice, while on-the-go",
      "like": true
    },
    {
      "id": 11,
      "productType": "mobile",
      "path": "redmiMobiles",
      "redirectedPath": "mobiles/redmiMobiles/2",
      "image": "../../images/Mobiles/Redmi/Redmi Note 9 Pro (Interstellar Black, 64 GB)  (4 GB RAM).jpg",
      "text": "Redmi Note 9 Pro (Interstellar Black, 64 GB)  (4 GB RAM)",
      "cost": 21999,
      "os": " Android",
      "version": "12",
      "ram": 8,
      "rom": 128,
      "color": "Interstellar",
      "processor": "Snapdragon 720g",
      "camera": "12MP + 12MP (Rear Camer) | 12MP (Front Camera)",
      "battery": 5000,
      "charger": 33,
      "display": 5.4,
      "width": 170,
      "height": 350,
      "description": "The latest Snapdragon 720g SoC ensures superior performance and gaming experience. The device is future-ready with support for 7 5G bands. The Liquidcool technology ensures that your phone remains cool even while running intensive tasks The 6.67 inch FHD+ 120Hz AMOLED display along with 360Hz touch sampling and 1200 nits peak brightness, brings out immersive picture quality and ensures smoother and faster response. Display is protected by Corning Gorilla Glass 5 The 67W fast charger that comes in the box, powers the massive 5000mAh battery to 50% in less than 15 mins which gives you enough power to last the entire day The triple camera setup with flagship 108MP HM2 sensor, 8MP Ultra-Wide sensor and 2MP Macro sensor ensures flawless photography. The 108MP camera delivers images with crystal clear clarity even when zoomed in. The three cameras work together to bring out the best images in all scenarios The dual stereo speakers setup brings out loud and balanced audio from the device, making the gaming, multimedia experience extremely captivating Alexa Hands-Free capable: Download the Alexa app to use Alexa hands-free. Play music, make calls, hear news, open apps, navigate, and more, all using just your voice, while on-the-go",
      "like": false
    },
    {
      "id": 12,
      "productType": "mobile",
      "path": "iphoneMobiles",
      "redirectedPath": "mobiles/iphoneMobiles/5",
      "image": "../../images/Mobiles/Iphones/APPLE iPhone 13 (Starlight, 128 GB).jpg",
      "text": "APPLE IPhone 11 (Red, 64 GB)",
      "cost": 40999,
      "os": " ios",
      "version": "16",
      "ram": false,
      "rom": 128,
      "color": "Starlight",
      "processor": "A14 Bionic Chip",
      "camera": "12MP + 12MP (Rear Camer) | 12MP (Front Camera)",
      "battery": 5000,
      "charger": false,
      "display": 5.4,
      "width": 250,
      "height": 350,
      "description": "The iPhone 13 boasts a gorgeous all-screen Liquid Retina LCD that is water resistant up to 2 metres for up to 30 minutes. Moreover, the ultra-wide 13 mm lens has a 120-degree field of view for four times more scenes, and the 26 mm wide lens provides up to 100% Autofocus in low light.",
      "like": false
    },
    {
      "id": 13,
      "redirectedPath": "clothes/mensWear",
      "text": "Men Slim Fit Striped Cut Away Collar Casual Shirt",
      "image": "../../../images/Clothes/Men/Men Slim Fit Striped Cut Away Collar Casual Shirt.jpg",
      "color": "Black",
      "height": 400,
      "width": 300,
      "cost": 259,
      "size": "L",
      "productType": "clothes",
      "like": false
    },
    {
      "id": 14,
      "redirectedPath": "clothes/mensWear",
      "text": "Men Regular Fit Solid Cut Away Collar Casual Shirt",
      "image": "../../../images/Clothes/Men/Men Regular Fit Solid Cut Away Collar Casual Shirt.jpg",
      "color": "Grey Black",
      "height": 400,
      "width": 300,
      "cost": 399,
      "size": "L",
      "productType": "clothes",
      "like": false
    },
    {
      "id": 15,
      "redirectedPath": "clothes/mensWear",
      "text": "Men Color Block Hooded Neck Red, Black T-Shirt",
      "image": "../../../images/Clothes/Men/Men Color Block Hooded Neck Red, Black T-Shirt.jpg",
      "color": "Black",
      "height": 400,
      "width": 300,
      "cost": 359,
      "size": "L",
      "productType": "clothes",
      "like": true
    },
    {
      "id": 16,
      "redirectedPath": "clothes/womensWear",
      "text": "Printed, Self Design, Floral Print Silk Blend Saree  (Red)",
      "image": "../../../images/Clothes/Women/Printed, Self Design, Floral Print Mysore Silk Blend Saree  (Red).jpg",
      "color": "Red",
      "height": 400,
      "width": 200,
      "cost": 659,
      "size": "L",
      "productType": "clothes",
      "like": false
    },
    {
      "id": 17,
      "redirectedPath": "clothes/womensWear",
      "text": "Embellished Bollywood Georgette Saree  (Black)",
      "image": "../../../images/Clothes/Women/Embellished Bollywood Georgette Saree  (Black).jpg",
      "color": "Black",
      "height": 400,
      "width": 200,
      "cost": 659,
      "size": "L",
      "productType": "clothes",
      "like": true
    },
    {
      "id": 18,
      "redirectedPath": "clothes/womensWear",
      "text": "Printed Bollywood Lycra Blend Saree  (Maroon)",
      "image": "../../../images/Clothes/Women/Printed Bollywood Lycra Blend Saree  (Maroon).jpg",
      "color": "Maroon",
      "height": 400,
      "width": 200,
      "cost": 659,
      "size": "L",
      "productType": "clothes",
      "like": false
    },
    {
      "id": 19,
      "redirectedPath": "clothes/womensWear",
      "text": "Women Embroidered Viscose Rayon Anarkali Kurta  (Yellow)",
      "image": "../../../images/Clothes/Women/Women Embroidered Viscose Rayon Anarkali Kurta  (Yellow).jpg",
      "color": "Yellow",
      "height": 400,
      "width": 200,
      "cost": 659,
      "size": "L",
      "productType": "clothes"
    }
  ],
  "electronics": [
    {
      "id": 1,
      "text": "Laptops",
      "path": "laptops",
      "image": "../../images/Electronics/Main/LaptopsMain.jpg",
      "height": 200,
      "width": 320
    },
    {
      "id": 2,
      "text": "Headphones",
      "path": "headphone",
      "image": "../../images/Electronics/Main/HeadphonesMain.jpg",
      "height": 200,
      "width": 320
    },
    {
      "id": 3,
      "text": "Smart Watches",
      "path": "smartWatches",
      "image": "../../images/Electronics/Main/SmartWatchMain.jpg",
      "height": 200,
      "width": 320
    },
    {
      "id": 4,
      "text": "Camera Accesories",
      "path": "cameraAccesories",
      "image": "../../images/Electronics/Main/CameraAccesories.jpg",
      "height": 200,
      "width": 320
    },
    {
      "id": 5,
      "text": "Gaming",
      "path": "gaming",
      "image": "../../images/Electronics/Main/GamingMain.jpg",
      "height": 200,
      "width": 320
    }
  ],
  "laptopsMainContent": [
    {
      "id": 1,
      "text": "Lenovo Laptops",
      "path": "lenovoLaptops",
      "image": "../../images/Electronics/Laptops/Lenovo/Lenovo IdeaPad 1 Ryzen 5 Quad Core 3500U - (8 GB 512 GB SSD Windows 11 Home) 15ADA7.jpg",
      "height": 200,
      "width": 300
    },
    {
      "id": 2,
      "text": "Hp Laptops",
      "path": "hpLaptops",
      "image": "../../images/Electronics/Laptops/Hp/HP Core i3 11th Gen  8 GB 512 GB SSD Windows 11 Home 15s fr2511TU .jpg",
      "height": 200,
      "width": 300
    },
    {
      "id": 3,
      "text": "Dell Laptops",
      "path": "dellLaptops",
      "image": "../../images/Electronics/Laptops/Dell/DELL Inspiron Core i5 11th Gen - (16 GB 512 GB SSD Windows 11 Home) INSPIRON 3511.jpg",
      "height": 200,
      "width": 300
    },
    {
      "id": 4,
      "text": "Asus Laptops",
      "path": "asusLaptops",
      "image": "../../images/Electronics/Laptops/Asus/ASUS Vivobook Pro 15 OLED Ryzen 7 Octa Core AMD R7-4800H - (16 GB 512 GB SSD Windows 11 Home).jpg",
      "height": 200,
      "width": 300
    }
  ],
  "lenovoLaptops": [
    {
      "id": 1,
      "productType": "laptop",
      "path": "lenovoLaptops",
      "redirectedPath": "electronics/laptops/lenovoLaptops/1",
      "image": "../../../images/Electronics/Laptops/Lenovo/Lenovo IdeaPad 3 Core i3 11th Gen  (8 GB 512 GB SSD Windows 11 Home).jpg",
      "text": "Lenovo IdeaPad 3 Core i3 11th Gen - (8 GB/512 GB SSD/Windows 11 Home)",
      "height": 300,
      "width": 150,
      "brand": "Lenovo",
      "name": "Lenovo IdeaPad 3 Core i3 11th Gen - (8 GB/512 GB SSD/Windows 11 Home) 82H801L7IN | 82H802FJIN | 82H802L3IN | 82H801LHIN Thin and Light Laptop  (15.6 inch, Arctic Grey, 1.65 kg, With MS Office)",
      "cost": 40000,
      "os": "Windows 11 Home",
      "processorBrand": "intel",
      "processorName": "core i3",
      "processorGeneration": "11th Gen",
      "clockSpeed": "1.7 GHz upto max turbo frequency at 4.1 Ghz",
      "cache": 6,
      "numberOfCores": 2,
      "ram": 8,
      "ramType": "DDR4",
      "expandableMemory": "upto 12 GB",
      "internalStorage": 512,
      "storageType": "SSD",
      "color": "Arctic Grey",
      "weight": "1.65 KG",
      "size": 15.6,
      "dimensions": "359.2 x 236.5 x 19.9 mm",
      "mic": "Yes",
      "bluetooth": "v5.0",
      "wirelessLAN": "11ac, 2x2",
      "keyboard": "Non-backlit, English",
      "backlitKeyboard": "No",
      "model": "15ITL6",
      "type": "Thin and Light Laptop",
      "series": "IdeaPad 3",
      "msOffice": "Yes",
      "suitable": "Processing and Multitasking",
      "salesPackage": "Laptop, Power Adaptor, User Guide, Warranty Documents",
      "description": "Get an opportunity to work anytime and from anywhere as you bring home the Lenovo IdeaPad 3 Core i3 11th Gen laptop. It features a slim 19.9 mm body and weight of about 1.41 kg to ensure flexible portability and stylish looks no matter where you go. Also, its 35.56 cm (14) Full HD display with four-sided narrow bezels renders immersive visuals. Moreover, this laptop is powered by an 11th generation processor and high speed SSD storage that allows you to enjoy efficient performance and massive storage.",
      "like": true
    },
    {
      "id": 2,
      "path": "lenovoLaptops",
      "redirectedPath": "electronics/laptops/lenovoLaptops/2",
      "productType": "laptop",
      "image": "../../../images/Electronics/Laptops/Lenovo/Lenovo Ideapad Gaming 3 Ryzen 5 Hexa Core AMD R5-5600H - (8 GB 512 GB SSD Windows 11 Home 4 GB Graphics NVIDIA GeForce GTX 1650 120 Hz).jpg",
      "text": "Lenovo Ideapad Gaming 3 Ryzen 5 Hexa Core AMD R5-5600H - (8 GB/512 GB SSD/Windows 11 Home/4 GB Graphics/NVIDIA GeForce GTX 1650/120 Hz)",
      "height": 300,
      "width": 150,
      "brand": "Lenovo",
      "name": "Lenovo Ideapad Gaming 3 Ryzen 5 Hexa Core AMD R5-5600H - (8 GB/512 GB SSD/Windows 11 Home/4 GB Graphics/NVIDIA GeForce GTX 1650/120 Hz) 15ACH6| 15ACH6D1| IdeaPad Gaming3 15ACH6D1 Gaming Laptop  (15.6 inch, Shadow Black, 2.25$$kg kg)",
      "cost": 66990,
      "os": "Windows 11 Home",
      "processorBrand": "AMD",
      "processorName": "R5-5600H",
      "processorGeneration": "Ryzen 5",
      "clockSpeed": "1.7 GHz upto max turbo frequency at 4.1 Ghz",
      "cache": 6,
      "numberOfCores": 2,
      "ram": 8,
      "ramType": "DDR4",
      "expandableMemory": "upto 12 GB",
      "internalStorage": 512,
      "storageType": "SSD",
      "color": "Arctic Grey",
      "weight": "1.65 KG",
      "size": 15.6,
      "dimensions": "359.2 x 236.5 x 19.9 mm",
      "mic": "Yes",
      "bluetooth": "v5.0",
      "wirelessLAN": "11ac, 2x2",
      "keyboard": "backlit, English",
      "backlitKeyboard": "No",
      "model": "15ITL6",
      "type": "Thin and Light Laptop",
      "series": "IdeaPad 3",
      "msOffice": "Yes",
      "suitable": "Processing and Multitasking",
      "salesPackage": "Laptop, Power Adaptor, User Guide, Warranty Documents",
      "description": "Get an opportunity to work anytime and from anywhere as you bring home the Lenovo IdeaPad 3 Core i3 11th Gen laptop. It features a slim 19.9 mm body and weight of about 1.41 kg to ensure flexible portability and stylish looks no matter where you go. Also, its 35.56 cm (14) Full HD display with four-sided narrow bezels renders immersive visuals. Moreover, this laptop is powered by an 11th generation processor and high speed SSD storage that allows you to enjoy efficient performance and massive storage.",
      "like": true
    },
    {
      "id": 3,
      "path": "lenovoLaptops",
      "redirectedPath": "electronics/laptops/lenovoLaptops/3",
      "productType": "laptop",
      "image": "../../../images/Electronics/Laptops/Lenovo/Lenovo IdeaPad 3 Core i5 12th Gen - (8 GB 512 GB SSD Windows 11 Home).jpg",
      "text": "Lenovo IdeaPad 3 Core i3 11th Gen - (8 GB/512 GB SSD/Windows 11 Home)",
      "height": 300,
      "width": 150,
      "brand": "Lenovo",
      "name": "Lenovo IdeaPad 3 Core i5 12th Gen - (8 GB/512 GB SSD/Windows 11 Home) 15IAU7 Thin and Light Laptop  (15.6 Inch, Arctic Grey, 1.63 Kg, With MS Office)",
      "cost": 57490,
      "os": "Windows 11 Home",
      "processorBrand": "intel",
      "processorName": "core i5",
      "processorGeneration": "12th Gen",
      "clockSpeed": "1.7 GHz upto max turbo frequency at 4.1 Ghz",
      "cache": 6,
      "numberOfCores": 2,
      "ram": 8,
      "ramType": "DDR4",
      "expandableMemory": "upto 12 GB",
      "internalStorage": 512,
      "storageType": "SSD",
      "color": "Arctic Grey",
      "weight": "1.65 KG",
      "size": 15.6,
      "dimensions": "359.2 x 236.5 x 19.9 mm",
      "mic": "Yes",
      "bluetooth": "v5.0",
      "wirelessLAN": "11ac, 2x2",
      "keyboard": "backlit, English",
      "backlitKeyboard": "No",
      "model": "15ITL6",
      "type": "Thin and Light Laptop",
      "series": "IdeaPad 3",
      "msOffice": "Yes",
      "suitable": "Processing and Multitasking",
      "salesPackage": "Laptop, Power Adaptor, User Guide, Warranty Documents",
      "description": "Get an opportunity to work anytime and from anywhere as you bring home the Lenovo IdeaPad 3 Core i3 11th Gen laptop. It features a slim 19.9 mm body and weight of about 1.41 kg to ensure flexible portability and stylish looks no matter where you go. Also, its 35.56 cm (14) Full HD display with four-sided narrow bezels renders immersive visuals. Moreover, this laptop is powered by an 11th generation processor and high speed SSD storage that allows you to enjoy efficient performance and massive storage."
    },
    {
      "id": 4,
      "path": "lenovoLaptops",
      "redirectedPath": "electronics/laptops/lenovoLaptops/4",
      "productType": "laptop",
      "image": "../../../images/Electronics/Laptops/Lenovo/Lenovo IdeaPad 3 Core i3 11th Gen  (8 GB 512 GB SSD Windows 11 Home).jpg",
      "text": "Lenovo IdeaPad 3 Core i5 11th Gen - (8 GB/512 GB SSD/Windows 11 Home)",
      "height": 300,
      "width": 150,
      "brand": "Lenovo",
      "name": "Lenovo IdeaPad 3 Core i5 11th Gen - (8 GB/512 GB SSD/Windows 11 Home) 82H801L7IN | 82H802FJIN | 82H802L3IN | 82H801LHIN Thin and Light Laptop  (15.6 inch, Arctic Grey, 1.65 kg, With MS Office)",
      "cost": 50000,
      "os": "Windows 11 Home",
      "processorBrand": "intel",
      "processorName": "core i5",
      "processorGeneration": "11th Gen",
      "clockSpeed": "1.7 GHz upto max turbo frequency at 4.1 Ghz",
      "cache": 8,
      "numberOfCores": 4,
      "ram": 8,
      "ramType": "DDR4",
      "expandableMemory": "upto 12 GB",
      "internalStorage": 512,
      "storageType": "SSD",
      "color": "Arctic Grey",
      "weight": "1.65 KG",
      "size": 15.6,
      "dimensions": "359.2 x 236.5 x 19.9 mm",
      "mic": "Yes",
      "bluetooth": "v5.0",
      "wirelessLAN": "11ac, 2x2",
      "keyboard": "Non-backlit, English",
      "backlitKeyboard": "No",
      "model": "15ITL6",
      "type": "Thin and Light Laptop",
      "series": "IdeaPad 3",
      "msOffice": "Yes",
      "suitable": "Processing and Multitasking",
      "salesPackage": "Laptop, Power Adaptor, User Guide, Warranty Documents",
      "description": "Get an opportunity to work anytime and from anywhere as you bring home the Lenovo IdeaPad 3 Core i3 11th Gen laptop. It features a slim 19.9 mm body and weight of about 1.41 kg to ensure flexible portability and stylish looks no matter where you go. Also, its 35.56 cm (14) Full HD display with four-sided narrow bezels renders immersive visuals. Moreover, this laptop is powered by an 11th generation processor and high speed SSD storage that allows you to enjoy efficient performance and massive storage."
    }
  ],
  "hpLaptops": [
    {
      "id": 1,
      "productType": "laptop",
      "path": "hpLaptops",
      "redirectedPath": "electronics/laptops/hpLaptops/1",
      "image": "../../../../images/Electronics/Laptops/Hp/HP Pavilion Intel Core i5 12th Gen - (16 GB 512 GB SSD Windows 11 Home) 14-dv2014TU.jpg",
      "text": "Lenovo IdeaPad 3 Core i5 11th Gen - (8 GB/512 GB SSD/Windows 11 Home)",
      "height": 300,
      "width": 150,
      "brand": "Hp",
      "name": "HP Pavilion Intel Core i5 12th Gen - (16 GB/512 GB SSD/Windows 11 Home) 14-dv2014TU Thin and Light Laptop  (14 inch, Natural Silver, 1.41 Kg, With MS Office)",
      "cost": 67780,
      "os": "Windows 11 Home",
      "processorBrand": "intel",
      "processorName": "core i5",
      "processorGeneration": "12th Gen",
      "clockSpeed": "1.7 GHz upto max turbo frequency at 4.1 Ghz",
      "cache": 8,
      "numberOfCores": 4,
      "ram": 8,
      "ramType": "DDR4",
      "expandableMemory": "upto 12 GB",
      "internalStorage": 512,
      "storageType": "SSD",
      "color": "Arctic Grey",
      "weight": "1.65 KG",
      "size": 15.6,
      "dimensions": "359.2 x 236.5 x 19.9 mm",
      "mic": "Yes",
      "bluetooth": "v5.0",
      "wirelessLAN": "11ac, 2x2",
      "keyboard": "Non-backlit, English",
      "backlitKeyboard": "No",
      "model": "15ITL6",
      "type": "Thin and Light Laptop",
      "series": "IdeaPad 3",
      "msOffice": "Yes",
      "suitable": "Processing and Multitasking",
      "salesPackage": "Laptop, Power Adaptor, User Guide, Warranty Documents",
      "description": "Get an opportunity to work anytime and from anywhere as you bring home the Lenovo IdeaPad 3 Core i3 11th Gen laptop. It features a slim 19.9 mm body and weight of about 1.41 kg to ensure flexible portability and stylish looks no matter where you go. Also, its 35.56 cm (14) Full HD display with four-sided narrow bezels renders immersive visuals. Moreover, this laptop is powered by an 11th generation processor and high speed SSD storage that allows you to enjoy efficient performance and massive storage."
    },
    {
      "id": 2,
      "productType": "laptop",
      "path": "hpLaptops",
      "redirectedPath": "electronics/laptops/hpLaptops/2",
      "image": "../../../images/Electronics/Laptops/Hp/HP Pavilion Intel Core i5 12th Gen - (16 GB 512 GB SSD Windows 11 Home) 14-dv2014TU.jpg",
      "text": "Lenovo IdeaPad 3 Core i5 11th Gen - (8 GB/512 GB SSD/Windows 11 Home)",
      "height": 300,
      "width": 150,
      "brand": "Hp",
      "name": "HP Pavilion Intel Core i5 12th Gen - (16 GB/512 GB SSD/Windows 11 Home) 14-dv2014TU Thin and Light Laptop  (14 inch, Natural Silver, 1.41 Kg, With MS Office)",
      "cost": 73780,
      "os": "Windows 11 Home",
      "processorBrand": "intel",
      "processorName": "core i5",
      "processorGeneration": "12th Gen",
      "clockSpeed": "1.7 GHz upto max turbo frequency at 4.1 Ghz",
      "cache": 8,
      "numberOfCores": 4,
      "ram": 16,
      "ramType": "DDR4",
      "expandableMemory": "upto 12 GB",
      "internalStorage": 512,
      "storageType": "SSD",
      "color": "Arctic Grey",
      "weight": "1.65 KG",
      "size": 15.6,
      "dimensions": "359.2 x 236.5 x 19.9 mm",
      "mic": "Yes",
      "bluetooth": "v5.0",
      "wirelessLAN": "11ac, 2x2",
      "keyboard": "Non-backlit, English",
      "backlitKeyboard": "No",
      "model": "15ITL6",
      "type": "Thin and Light Laptop",
      "series": "IdeaPad 3",
      "msOffice": "Yes",
      "suitable": "Processing and Multitasking",
      "salesPackage": "Laptop, Power Adaptor, User Guide, Warranty Documents",
      "description": "Get an opportunity to work anytime and from anywhere as you bring home the Lenovo IdeaPad 3 Core i3 11th Gen laptop. It features a slim 19.9 mm body and weight of about 1.41 kg to ensure flexible portability and stylish looks no matter where you go. Also, its 35.56 cm (14) Full HD display with four-sided narrow bezels renders immersive visuals. Moreover, this laptop is powered by an 11th generation processor and high speed SSD storage that allows you to enjoy efficient performance and massive storage."
    }
  ],
  "mainOffers": [
    {
      "id": 1,
      "productType": "mobile",
      "height": 300,
      "width": 150,
      "brand": "Mi",
      "name": "Mi 11x Pro 5g",
      "cost": 18000,
      "originalcost": 20000,
      "dicount": 10,
      "processor": "Mideatek dimensity 920",
      "ram": 6,
      "rom": 64,
      "image": "images/Mobiles/Main/MiMain.jpg"
    },
    {
      "id": 2,
      "productType": "mobile",
      "height": 300,
      "width": 200,
      "brand": "Oneplus",
      "name": "Oneplus 10",
      "cost": 50000,
      "originalcost": 60000,
      "dicount": 20,
      "processor": "Snapdragon 888",
      "ram": 6,
      "rom": 128,
      "image": "images/Mobiles/Main/OnePlusMain.jpg"
    },
    {
      "id": 3,
      "productType": "mobile",
      "height": 300,
      "width": 150,
      "brand": "Realme",
      "name": "Realme 9 Pro",
      "cost": 15000,
      "originalcost": 19000,
      "dicount": 18,
      "processor": "Mideatek dimensity 800",
      "ram": 4,
      "rom": 64,
      "image": "images/Mobiles/Main/RealmeMain.jpg"
    }
  ],
  "allMobilesListShow": [
    {
      "image": "images/Mobiles/Main/OnePlusMain.jpg",
      "text": "OnePlus",
      "width": 200,
      "height": 300,
      "link": "/mobiles/onePlusMobiles",
      "path": "onePlusMobiles"
    },
    {
      "image": "images/Mobiles/Main/IphoneMain.jpg",
      "text": "Iphone",
      "width": 200,
      "height": 300,
      "link": "/mobiles/iphoneMobiles",
      "path": "iphoneMobiles"
    },
    {
      "image": "images/Mobiles/Main/MiMain.jpg",
      "text": "Redmi",
      "width": 150,
      "height": 300,
      "link": "/mobiles/redmiMobiles",
      "path": "redmiMobiles"
    },
    {
      "image": "images/Mobiles/Main/RealmeMain.jpg",
      "text": "Realme",
      "width": 150,
      "height": 300,
      "link": "/mobiles/realmeMobiles"
    },
    {
      "image": "images/Mobiles/Main/PocoMain.jpg",
      "text": "Poco",
      "width": 200,
      "height": 300,
      "link": "/mobiles/pocoMobiles",
      "path": "pocoMobiles"
    },
    {
      "image": "images/Mobiles/Main/OppoMain.jpg",
      "text": "Oppo",
      "width": 200,
      "height": 300,
      "link": "/mobiles/oppoMobiles",
      "path": "oppoMobiles"
    }
  ],
  "onePlusMobiles": [
    {
      "id": 1,
      "productType": "mobile",
      "path": "onePlusMobiles",
      "redirectedPath": "mobiles/onePlusMobiles/1",
      "image": "../../images/Mobiles/OnePlus/OnePlus9pro5g.jpg",
      "text": "OnePlus 9 Pro 5g (Morning Mist, 6GB, 128 GB)",
      "cost": 40000,
      "ram": 6,
      "rom": 128,
      "color": "Morning Mist",
      "processor": "Qualcom Snapdragon 875 5G",
      "camera": "48 MP Rear Camera",
      "battery": 5000,
      "os": "Android",
      "version": "12",
      "charger": 67,
      "display": "17inch, 120Hz Fluid Amoled Display",
      "width": 170,
      "height": 350,
      "description": "Rear Quad Camera Co-Developed by Hasselblad, 48 MP Main camera, 50 MP Ultra Wide Angle Camera with Sensor size of 1/1.56'', 8 MP Telepoto Lens, 2 MP Monochorme Lens,16 MP Front Camera Qualcomm Snapdragon 888 Processor with Adreno 660 GPU 6.7 Inches Fluid AMOLED Display with 120Hz refresh rate with Latest LTPO technology OnePlus Oxygen OS based on Andriod 11 Comes with 4500 mAh Battery with 65W Wired Charging and 50W Wireless Charging capability",
      "like": true
    },
    {
      "id": 2,
      "productType": "mobile",
      "path": "onePlusMobiles",
      "redirectedPath": "mobiles/onePlusMobiles/2",
      "image": "../../images/Mobiles/Oneplus/Oneplus 10R(Sierra Black, 256 Gb).jpg",
      "text": "Oneplus 10R (Sierra Black, 256 Gb) (8 GB)",
      "cost": 50000,
      "os": " Android",
      "version": "12",
      "ram": 8,
      "rom": 256,
      "color": "Sierra Black",
      "processor": "Qualcom Snapdrago 888 5G",
      "camera": "64 MP(Rear) + 50 MP(Front)",
      "battery": 5000,
      "charger": 67,
      "display": 17,
      "width": 170,
      "height": 350,
      "description": "Rear Quad Camera Co-Developed by Hasselblad, 64 MP Main camera, 50 MP Ultra Wide Angle Camera with Sensor size of 1/1.56'', 8 MP Telepoto Lens, 2 MP Monochorme Lens,16 MP Front Camera Qualcomm Snapdragon 888 Processor with Adreno 660 GPU 6.7 Inches Fluid AMOLED Display with 120Hz refresh rate with Latest LTPO technology OnePlus Oxygen OS based on Andriod 11 Comes with 4500 mAh Battery with 65W Wired Charging and 50W Wireless Charging capability",
      "like": true
    },
    {
      "id": 3,
      "productType": "mobile",
      "path": "onePlusMobiles",
      "redirectedPath": "mobiles/onePlusMobiles/3",
      "image": "../../images/Mobiles/Oneplus/OnePlus 10T 5g(Moonstone Black, 256 Gb).jpg",
      "text": "OnePlus 10T 5g(Moonstone Black, 256 Gb)",
      "cost": 48000,
      "os": " Android",
      "version": "12",
      "ram": 8,
      "rom": 256,
      "color": "Moonstone Black",
      "processor": "Mediatek Dimensity 8000 5G",
      "camera": "50 MP Rear Camera + 20 MP Front Camera",
      "battery": 5000,
      "charger": 67,
      "display": 17,
      "width": 170,
      "height": 350,
      "description": "Rear Quad Camera Co-Developed by Hasselblad, 48 MP Main camera, 50 MP Ultra Wide Angle Camera with Sensor size of 1/1.56'', 8 MP Telepoto Lens, 2 MP Monochorme Lens,16 MP Front Camera Qualcomm Snapdragon 888 Processor with Adreno 660 GPU 6.7 Inches Fluid AMOLED Display with 120Hz refresh rate with Latest LTPO technology OnePlus Oxygen OS based on Andriod 11 Comes with 4500 mAh Battery with 65W Wired Charging and 50W Wireless Charging capability"
    },
    {
      "id": 4,
      "productType": "mobile",
      "path": "onePlusMobiles",
      "redirectedPath": "mobiles/onePlusMobiles/4",
      "image": "../../images/Mobiles/Oneplus/OnePlus Nord 2T.jpg",
      "text": "OnePlus Nord 2T 5G (Jade Fog, 256 GB)  (12 GB RAM)",
      "cost": 33000,
      "os": " Android",
      "version": "12",
      "ram": 12,
      "rom": 256,
      "color": "Jade Fog",
      "processor": "Snapdragon 775 5G",
      "camera": "32 MP(Rear) + 18 MP(Front)",
      "battery": 5000,
      "charger": 67,
      "display": "17inch 120Hz Fluid Amoled Display",
      "width": 170,
      "height": 350,
      "description": "Rear Quad Camera Co-Developed by Hasselblad, 48 MP Main camera, 50 MP Ultra Wide Angle Camera with Sensor size of 1/1.56'', 8 MP Telepoto Lens, 2 MP Monochorme Lens,16 MP Front Camera Qualcomm Snapdragon 888 Processor with Adreno 660 GPU 6.7 Inches Fluid AMOLED Display with 120Hz refresh rate with Latest LTPO technology OnePlus Oxygen OS based on Andriod 11 Comes with 4500 mAh Battery with 65W Wired Charging and 50W Wireless Charging capability",
      "like": true
    },
    {
      "id": 5,
      "productType": "mobile",
      "path": "onePlusMobiles",
      "redirectedPath": "mobiles/onePlusMobiles/5",
      "image": "../../images/Mobiles/Oneplus/OnePlus 9 5G (Winter Mist, 256 GB)  (12 GB RAM).jpg",
      "text": "OnePlus 9 5G (Winter Mist, 256 GB)  (12 GB RAM)",
      "cost": 37000,
      "os": " Android",
      "version": "12",
      "ram": 12,
      "rom": 256,
      "color": "Winter Mist",
      "processor": "Mediatek Dimensity 8000 5G",
      "camera": "50 MP Rear Camera + 20 MP Front Camera",
      "battery": 5000,
      "charger": 67,
      "display": 17,
      "width": 170,
      "height": 350,
      "description": "Rear Quad Camera Co-Developed by Hasselblad, 48 MP Main camera, 50 MP Ultra Wide Angle Camera with Sensor size of 1/1.56'', 8 MP Telepoto Lens, 2 MP Monochorme Lens,16 MP Front Camera Qualcomm Snapdragon 888 Processor with Adreno 660 GPU 6.7 Inches Fluid AMOLED Display with 120Hz refresh rate with Latest LTPO technology OnePlus Oxygen OS based on Andriod 11 Comes with 4500 mAh Battery with 65W Wired Charging and 50W Wireless Charging capability"
    },
    {
      "id": 6,
      "productType": "mobile",
      "path": "onePlusMobiles",
      "redirectedPath": "mobiles/onePlusMobiles/6",
      "image": "../../images/Mobiles/Oneplus/OnePlus Nord CE 2 Lite 5G (Blue Tide, 128 GB)  (6 GB RAM).jpg",
      "text": "OnePlus Nord CE 2 Lite 5G (Blue Tide, 128 GB)  (6 GB RAM)",
      "cost": 19000,
      "os": " Android",
      "version": "12",
      "ram": 6,
      "rom": 128,
      "color": "Blue Tide",
      "processor": "Snapdragon 690 5G",
      "camera": "32 MP(Rear) + 16 MP(Front)",
      "battery": 5000,
      "charger": 67,
      "display": 17,
      "width": 170,
      "height": 350,
      "description": "Rear Quad Camera Co-Developed by Hasselblad, 48 MP Main camera, 50 MP Ultra Wide Angle Camera with Sensor size of 1/1.56'', 8 MP Telepoto Lens, 2 MP Monochorme Lens,16 MP Front Camera Qualcomm Snapdragon 888 Processor with Adreno 660 GPU 6.7 Inches Fluid AMOLED Display with 120Hz refresh rate with Latest LTPO technology OnePlus Oxygen OS based on Andriod 11 Comes with 4500 mAh Battery with 65W Wired Charging and 50W Wireless Charging capability"
    }
  ],
  "iphoneMobiles": [
    {
      "id": 1,
      "productType": "mobile",
      "path": "iphoneMobiles",
      "redirectedPath": "mobiles/iphoneMobiles/1",
      "image": "../../images/Mobiles/Iphones/Iphone 14 Blue (128 GB).jpg",
      "text": "Iphone 14 Blue (128 GB)",
      "cost": 80000,
      "os": " ios",
      "version": "16",
      "ram": false,
      "rom": 128,
      "color": "Blue",
      "processor": "A15 Bionic Chip, 6 Core Processor Processor",
      "camera": "12MP + 12MP | 12MP Front Camera",
      "battery": 5000,
      "charger": false,
      "display": 6.1,
      "width": 250,
      "height": 350,
      "description": "Rated IP68 (Maximum Depth of 6 Metres Upto 30 Minutes) Under IEC Standard 60529, 16 Core Neural Engine, Enabled by TrueDepth Camera for Facial Recognition, Emergency SOS, Crash Detection, Digital Compass, Wi-Fi, Cellular, iBeacon Micro-Location, FaceTime Video Calling Over Cellular or Wi?Fi, FaceTime HD (1080p) Video Calling Over 5G or Wi-Fi, Share Experiences Like Movies, TV, Music and Other Apps in a FaceTime Call with SharePlay, Screen Sharing, Portrait Mode in FaceTime Video, Spatial Audio, Voice Isolation and Wide Spectrum, Microphone Modes, Zoom with Rear-Facing Camera, FaceTime Audio, Voice over LTE (VoLTE), Wi-Fi Calling, Spatial Audio Playback, User Configurable Maximum Volume Limit, HDR with Dolby Vision, HDR10 and HLG Upto 4K HDR AirPlay for Mirroring, Photos and Video Out to Apple TV (2nd generation or later) or AirPlay 2 Enabled Smart TV, Video Mirroring and Video Out Support: Upto 1080p Through Lightning Digital AV Adapter and Lightning to VGA Adapter (Adapters Sold Separately), MagSafe Wireless Charging Upto 15 W, Qi Wireless Charging Upto 7.5 W, Charging via USB to Computer System or Power Adapter, Magnet Array, Voice Control, Voice Over, Zoom, Magnifier, RTT and TTY Support, Siri and Dictation, Type to Siri, Switch Control, Closed Captions, Assistive Touch, Spoken Content, Back Tap, Alignment Magnet, Accessory Identification NFC, Magnetometer, System Requirement: Apple ID (Required for Some Features), Internet Access, Syncing to a Mac or PC Requires: macOS Catalina 10.15 or Later Using the Finder, macOS El Capitan 10.11.6 Through macOS Mojave 10.14.6 Using iTunes 12.8 or Later, Windows 7 or Later Using iTunes 12.10.10 or Later (Free Download from apple.com/in/itunes/download), Rating for Hearing Aids: M3, T4",
      "like": true
    },
    {
      "id": 2,
      "productType": "mobile",
      "path": "iphoneMobiles",
      "redirectedPath": "mobiles/iphoneMobiles/2",
      "image": "../../images/Mobiles/Iphones/APPLE iPhone 13 Pro Max (Sierra Blue, 512 GB).jpg",
      "text": "IPhone 13 Pro (Sierra Blue, 512)",
      "cost": 99999,
      "os": " ios",
      "version": "16",
      "ram": false,
      "rom": 512,
      "color": "Sierra Blue",
      "processor": "A15 Bionic Chip, 6 Core Processor ",
      "camera": "12MP + 12MP + 12MP (Rear Camer) | 12MP (Front Camera)",
      "battery": 5000,
      "charger": false,
      "display": 6.1,
      "width": 250,
      "height": 350,
      "description": "Phone 13. boasts an advanced dual-camera system that allows you to click mesmerising pictures with immaculate clarity. Furthermore, the lightning-fast A15 Bionic chip allows for seamless multitasking, elevating your performance to a new dimension. A big leap in battery life, a durable design, and a bright Super Retina XDR display facilitate boosting your user experience.",
      "like": false
    },
    {
      "id": 3,
      "productType": "mobile",
      "path": "iphoneMobiles",
      "redirectedPath": "mobiles/iphoneMobiles/3",
      "image": "../../images/Mobiles/Iphones/APPLE iPhone 12 Mini (Blue, 64 GB).jpg",
      "text": "IPhone 12 Mini (Blue, 64 GB)",
      "cost": 44999,
      "os": " ios",
      "version": "16",
      "ram": false,
      "rom": 64,
      "color": "Sierra Blue",
      "processor": "A14 Bionic Chip",
      "camera": "12MP + 12MP (Rear Camer) | 12MP (Front Camera)",
      "battery": 5000,
      "charger": false,
      "display": 5.4,
      "width": 250,
      "height": 350,
      "description": "Dive into a world of crystal-clear visuals with this iPhone’s Super Retina XDR Display. This beast of a smartphone packs the A14 Bionic chip to make for blazing-fast performance speeds. On top of that, its Dual-camera System, along with Night Mode, helps you click amazing pictures and selfies even when the lighting isn’t as good as you’d want it to be.",
      "like": true
    },
    {
      "id": 4,
      "productType": "mobile",
      "path": "iphoneMobiles",
      "redirectedPath": "mobiles/iphoneMobiles/4",
      "image": "../../images/Mobiles/Iphones/APPLE iPhone 11 (Red, 64 GB).jpg",
      "text": "IPhone 11 (Red, 64 GB)",
      "cost": 40999,
      "os": " ios",
      "version": "15",
      "ram": false,
      "rom": 64,
      "color": "Red",
      "processor": "A14 Bionic Chip",
      "camera": "12MP + 12MP (Rear Camer) | 12MP (Front Camera)",
      "battery": 5000,
      "charger": false,
      "display": 5.4,
      "width": 250,
      "height": 350,
      "description": "The iPhone 11 boasts a gorgeous all-screen Liquid Retina LCD that is water resistant up to 2 metres for up to 30 minutes. Moreover, the ultra-wide 13 mm lens has a 120-degree field of view for four times more scenes, and the 26 mm wide lens provides up to 100% Autofocus in low light.",
      "like": false
    },
    {
      "id": 5,
      "productType": "mobile",
      "path": "iphoneMobiles",
      "redirectedPath": "mobiles/iphoneMobiles/5",
      "image": "../../images/Mobiles/Iphones/APPLE iPhone 13 (Starlight, 128 GB).jpg",
      "text": "APPLE IPhone 11 (Red, 64 GB)",
      "cost": 40999,
      "os": " ios",
      "version": "16",
      "ram": false,
      "rom": 128,
      "color": "Starlight",
      "processor": "A14 Bionic Chip",
      "camera": "12MP + 12MP (Rear Camer) | 12MP (Front Camera)",
      "battery": 5000,
      "charger": false,
      "display": 5.4,
      "width": 250,
      "height": 350,
      "description": "The iPhone 13 boasts a gorgeous all-screen Liquid Retina LCD that is water resistant up to 2 metres for up to 30 minutes. Moreover, the ultra-wide 13 mm lens has a 120-degree field of view for four times more scenes, and the 26 mm wide lens provides up to 100% Autofocus in low light.",
      "like": false
    }
  ],
  "redmiMobiles": [
    {
      "id": 1,
      "productType": "mobile",
      "path": "redmiMobiles",
      "redirectedPath": "mobiles/redmiMobiles/1",
      "image": "../../images/Mobiles/Redmi/Redmi Note 11 PRO Plus 5G (Phantom White).jpg",
      "text": "Redmi Note 11 PRO Plus 5G (Phantom White 8Gb , 128Gb)",
      "cost": 21999,
      "os": " Android",
      "version": "12",
      "ram": 8,
      "rom": 128,
      "color": "Phantom White",
      "processor": "Mediatek Dimensity 8000 5G",
      "camera": "12MP + 12MP (Rear Camer) | 12MP (Front Camera)",
      "battery": 5000,
      "charger": 33,
      "display": 5.4,
      "width": 170,
      "height": 350,
      "description": "he latest Snapdragon 695 5G SoC ensures superior performance and gaming experience. The device is future-ready with support for 7 5G bands. The Liquidcool technology ensures that your phone remains cool even while running intensive tasks The 6.67 inch FHD+ 120Hz AMOLED display along with 360Hz touch sampling and 1200 nits peak brightness, brings out immersive picture quality and ensures smoother and faster response. Display is protected by Corning Gorilla Glass 5 The 67W fast charger that comes in the box, powers the massive 5000mAh battery to 50% in less than 15 mins which gives you enough power to last the entire day The triple camera setup with flagship 108MP HM2 sensor, 8MP Ultra-Wide sensor and 2MP Macro sensor ensures flawless photography. The 108MP camera delivers images with crystal clear clarity even when zoomed in. The three cameras work together to bring out the best images in all scenarios The dual stereo speakers setup brings out loud and balanced audio from the device, making the gaming, multimedia experience extremely captivating Alexa Hands-Free capable: Download the Alexa app to use Alexa hands-free. Play music, make calls, hear news, open apps, navigate, and more, all using just your voice, while on-the-go",
      "like": true
    },
    {
      "id": 2,
      "productType": "mobile",
      "path": "redmiMobiles",
      "redirectedPath": "mobiles/redmiMobiles/2",
      "image": "../../images/Mobiles/Redmi/Redmi Note 9 Pro (Interstellar Black, 64 GB)  (4 GB RAM).jpg",
      "text": "Redmi Note 9 Pro (Interstellar Black, 64 GB)  (4 GB RAM)",
      "cost": 21999,
      "os": " Android",
      "version": "12",
      "ram": 8,
      "rom": 128,
      "color": "Interstellar",
      "processor": "Snapdragon 720g",
      "camera": "12MP + 12MP (Rear Camer) | 12MP (Front Camera)",
      "battery": 5000,
      "charger": 33,
      "display": 5.4,
      "width": 170,
      "height": 350,
      "description": "The latest Snapdragon 720g SoC ensures superior performance and gaming experience. The device is future-ready with support for 7 5G bands. The Liquidcool technology ensures that your phone remains cool even while running intensive tasks The 6.67 inch FHD+ 120Hz AMOLED display along with 360Hz touch sampling and 1200 nits peak brightness, brings out immersive picture quality and ensures smoother and faster response. Display is protected by Corning Gorilla Glass 5 The 67W fast charger that comes in the box, powers the massive 5000mAh battery to 50% in less than 15 mins which gives you enough power to last the entire day The triple camera setup with flagship 108MP HM2 sensor, 8MP Ultra-Wide sensor and 2MP Macro sensor ensures flawless photography. The 108MP camera delivers images with crystal clear clarity even when zoomed in. The three cameras work together to bring out the best images in all scenarios The dual stereo speakers setup brings out loud and balanced audio from the device, making the gaming, multimedia experience extremely captivating Alexa Hands-Free capable: Download the Alexa app to use Alexa hands-free. Play music, make calls, hear news, open apps, navigate, and more, all using just your voice, while on-the-go",
      "like": false
    },
    {
      "id": 3,
      "productType": "mobile",
      "path": "redmiMobiles",
      "redirectedPath": "mobiles/redmiMobiles/3",
      "image": "../../images/Mobiles/Redmi/REDMI Note 10 Pro (Glacial Blue, 128 GB)  (6 GB RAM).jpg",
      "text": "Redmi Note 11 PRO Plus 5G (Phantom White 8Gb , 128Gb)",
      "cost": 21999,
      "os": " Android",
      "version": "12",
      "ram": 8,
      "rom": 128,
      "color": "Glacial Blue",
      "processor": "Mediatek Dimensity 8000 5G",
      "camera": "12MP + 12MP (Rear Camer) | 12MP (Front Camera)",
      "battery": 5000,
      "charger": 33,
      "display": 5.4,
      "width": 170,
      "height": 350,
      "description": "The iPhone 13 boasts a gorgeous all-screen Liquid Retina LCD that is water resistant up to 2 metres for up to 30 minutes. Moreover, the ultra-wide 13 mm lens has a 120-degree field of view for four times more scenes, and the 26 mm wide lens provides up to 100% Autofocus in low light.",
      "like": true
    },
    {
      "id": 4,
      "productType": "mobile",
      "path": "redmiMobiles",
      "redirectedPath": "mobiles/redmiMobiles/4",
      "image": "../../images/Mobiles/Redmi/REDMI Note 11T 5G (Stardust White, 128 GB)  (8 GB RAM).jpg",
      "text": "REDMI Note 11T 5G (Stardust White, 128 GB)  (8 GB RAM)",
      "cost": 21999,
      "os": " Android",
      "version": "12",
      "ram": 8,
      "rom": 128,
      "color": "Glacial Blue",
      "processor": "Mediatek Dimensity 8000 5G",
      "camera": "12MP + 12MP (Rear Camer) | 12MP (Front Camera)",
      "battery": 5000,
      "charger": 33,
      "display": 5.4,
      "width": 170,
      "height": 350,
      "description": "The iPhone 13 boasts a gorgeous all-screen Liquid Retina LCD that is water resistant up to 2 metres for up to 30 minutes. Moreover, the ultra-wide 13 mm lens has a 120-degree field of view for four times more scenes, and the 26 mm wide lens provides up to 100% Autofocus in low light.",
      "like": false
    }
  ],
  "clothesMain": [
    {
      "id": 1,
      "text": "Mens Wear",
      "path": "mensWear",
      "image": "../../../images/Clothes/Main/Men Color Block Hooded Neck Red, Black T-Shirt.jpg",
      "height": 400,
      "width": 300
    },
    {
      "id": 2,
      "text": "Womens Wear",
      "path": "womensWear",
      "image": "../../../images/Clothes/Main/Casual Regular Sleeves Solid Women Black Top.jpg",
      "height": 400,
      "width": 300
    },
    {
      "id": 3,
      "text": "Kids Wear",
      "path": "kidsWear",
      "image": "../../../images/Clothes/Main/Boys Festive & Party Shirt, Waistcoat and Pant Set  (Black Pack of 1).jpg",
      "height": 400,
      "width": 300
    }
  ],
  "mensWear": [
    {
      "id": 1,
      "redirectedPath": "clothes/mensWear",
      "text": "Men Slim Fit Striped Cut Away Collar Casual Shirt",
      "image": "../../../images/Clothes/Men/Men Slim Fit Striped Cut Away Collar Casual Shirt.jpg",
      "color": "Black",
      "height": 400,
      "width": 300,
      "cost": 259,
      "size": "L",
      "productType": "clothes",
      "like": false
    },
    {
      "id": 2,
      "redirectedPath": "clothes/mensWear",
      "text": "Men Regular Fit Solid Cut Away Collar Casual Shirt",
      "image": "../../../images/Clothes/Men/Men Regular Fit Solid Cut Away Collar Casual Shirt.jpg",
      "color": "Grey Black",
      "height": 400,
      "width": 300,
      "cost": 399,
      "size": "L",
      "productType": "clothes",
      "like": true
    },
    {
      "id": 3,
      "redirectedPath": "clothes/mensWear",
      "text": "Men Color Block Hooded Neck Red, Black T-Shirt",
      "image": "../../../images/Clothes/Men/Men Color Block Hooded Neck Red, Black T-Shirt.jpg",
      "color": "Black",
      "height": 400,
      "width": 300,
      "cost": 359,
      "size": "L",
      "productType": "clothes",
      "like": true
    },
    {
      "id": 4,
      "redirectedPath": "clothes/mensWear",
      "text": "Men Printed Hooded Neck Blue, Black T-Shirt",
      "image": "../../../images/Clothes/Men/Men Printed Hooded Neck Blue, Black T-Shirt.jpg",
      "color": "Black",
      "height": 400,
      "width": 300,
      "cost": 299,
      "size": "L",
      "productType": "clothes"
    },
    {
      "id": 5,
      "redirectedPath": "clothes/mensWear",
      "text": "Men Printed Round Neck Light Green T-Shirt",
      "image": "../../../images/Clothes/Men/Men Printed Round Neck Light Green T-Shirt.jpg",
      "color": "Light Green",
      "height": 400,
      "width": 300,
      "cost": 459,
      "size": "L",
      "productType": "clothes",
      "like": false
    },
    {
      "id": 6,
      "redirectedPath": "clothes/mensWear",
      "text": "Men Printed Round Neck Yellow T-Shirt",
      "image": "../../../images/Clothes/Men/Men Printed Round Neck Yellow T-Shirt.jpg",
      "color": "Yellow",
      "height": 400,
      "width": 300,
      "cost": 499,
      "size": "L",
      "productType": "clothes"
    },
    {
      "id": 7,
      "redirectedPath": "clothes/mensWear",
      "text": "Men Striped Round Neck Red, White T-Shirt",
      "image": "../../../images/Clothes/Men/Men Striped Round Neck Red, White T-Shirt.jpg",
      "color": "Red, White",
      "height": 400,
      "width": 300,
      "cost": 359,
      "size": "L",
      "productType": "clothes",
      "like": false
    },
    {
      "id": 8,
      "redirectedPath": "clothes/mensWear",
      "text": "Men Jogger Fit Mid Rise Light Blue Jeans",
      "image": "../../../images/Clothes/Men/Men Jogger Fit Mid Rise Light Blue Jeans.jpg",
      "color": "Light Blue",
      "height": 400,
      "width": 300,
      "cost": 559,
      "size": "L",
      "productType": "clothes"
    },
    {
      "id": 9,
      "redirectedPath": "clothes/mensWear",
      "text": "Men Skinny Mid Rise Grey Jeans",
      "image": "../../../images/Clothes/Men/Men Skinny Mid Rise Grey Jeans.jpg",
      "color": "Grey",
      "height": 400,
      "width": 300,
      "cost": 459,
      "size": "L",
      "productType": "clothes"
    },
    {
      "id": 10,
      "redirectedPath": "clothes/mensWear",
      "text": "Men Skinny Mid Rise Blue Jeans",
      "image": "../../../images/Clothes/Men/Men Skinny Mid Rise Blue Jeans.jpg",
      "color": "Black",
      "height": 400,
      "width": 300,
      "cost": 339,
      "size": "L",
      "productType": "Blue"
    },
    {
      "id": 11,
      "redirectedPath": "clothes/mensWear",
      "text": "Men Skinny Mid Rise Grey Black Jeans ",
      "image": "../../../images/Clothes/Men/Men Skinny Mid Rise Grey Black Jeans .jpg",
      "color": "Black",
      "height": 400,
      "width": 300,
      "cost": 499,
      "size": "L",
      "productType": "clothes"
    },
    {
      "id": 12,
      "redirectedPath": "clothes/mensWear",
      "text": "Men Slim Mid Rise Black Jeans",
      "image": "../../../images/Clothes/Men/Men Slim Mid Rise Black Jeans.jpg",
      "color": "Black",
      "height": 400,
      "width": 300,
      "cost": 659,
      "size": "L",
      "productType": "clothes"
    }
  ],
  "womensWear": [
    {
      "id": 1,
      "redirectedPath": "clothes/womensWear",
      "text": "Printed, Self Design, Floral Print Silk Blend Saree  (Red)",
      "image": "../../../images/Clothes/Women/Printed, Self Design, Floral Print Mysore Silk Blend Saree  (Red).jpg",
      "color": "Red",
      "height": 400,
      "width": 200,
      "cost": 659,
      "size": "L",
      "productType": "clothes",
      "like": false
    },
    {
      "id": 2,
      "redirectedPath": "clothes/womensWear",
      "text": "Embellished Bollywood Georgette Saree  (Black)",
      "image": "../../../images/Clothes/Women/Embellished Bollywood Georgette Saree  (Black).jpg",
      "color": "Black",
      "height": 400,
      "width": 200,
      "cost": 659,
      "size": "L",
      "productType": "clothes",
      "like": true
    },
    {
      "id": 3,
      "redirectedPath": "clothes/womensWear",
      "text": "Printed Bollywood Lycra Blend Saree  (Maroon)",
      "image": "../../../images/Clothes/Women/Printed Bollywood Lycra Blend Saree  (Maroon).jpg",
      "color": "Maroon",
      "height": 400,
      "width": 200,
      "cost": 659,
      "size": "L",
      "productType": "clothes",
      "like": false
    },
    {
      "id": 4,
      "redirectedPath": "clothes/womensWear",
      "text": "Women Embroidered Viscose Rayon Anarkali Kurta  (Yellow)",
      "image": "../../../images/Clothes/Women/Women Embroidered Viscose Rayon Anarkali Kurta  (Yellow).jpg",
      "color": "Yellow",
      "height": 400,
      "width": 200,
      "cost": 659,
      "size": "L",
      "productType": "clothes"
    },
    {
      "id": 5,
      "redirectedPath": "clothes/womensWear",
      "text": "Self Design Bollywood Georgette Saree  (Dark Blue, Light Blue)",
      "image": "../../../images/Clothes/Women/Self Design Bollywood Georgette Saree  (Dark Blue, Light Blue).jpg",
      "color": "Dark Blue, Light Blue",
      "height": 400,
      "width": 200,
      "cost": 659,
      "size": "L",
      "productType": "clothes",
      "like": false
    },
    {
      "id": 6,
      "redirectedPath": "clothes/womensWear",
      "text": "Women Kurta, Pant And Dupatta Set Viscose Rayon Blue",
      "image": "../../../images/Clothes/Women/Women Kurta, Pant And Dupatta Set Viscose Rayon Blue.jpg",
      "color": "Blue",
      "height": 400,
      "width": 200,
      "cost": 659,
      "size": "L",
      "productType": "clothes"
    },
    {
      "id": 7,
      "redirectedPath": "clothes/womensWear",
      "text": "Women Embroidered Viscose Rayon Straight Kurta  (Multicolor)",
      "image": "../../../images/Clothes/Women/Women Embroidered Viscose Rayon Straight Kurta  (Multicolor).jpg",
      "color": "Multicolor",
      "height": 400,
      "width": 200,
      "cost": 659,
      "size": "L",
      "productType": "clothes"
    },
    {
      "id": 8,
      "redirectedPath": "clothes/womensWear",
      "text": "Women Kurta, Pyjama & Dupatta Set Viscose Rayon Marood",
      "image": "../../../images/Clothes/Women/Women Kurta, Pyjama & Dupatta Set Viscose Rayon Marood.jpg",
      "color": "Maroon",
      "height": 400,
      "width": 200,
      "cost": 659,
      "size": "L",
      "productType": "clothes",
      "like": false
    },
    {
      "id": 9,
      "redirectedPath": "clothes/womensWear",
      "text": "Women Full Sleeve Solid Sweatshirt",
      "image": "../../../images/Clothes/Women/Women Full Sleeve Solid Sweatshirt.jpg",
      "color": "Light Green",
      "height": 400,
      "width": 200,
      "cost": 659,
      "size": "L",
      "productType": "clothes"
    },
    {
      "id": 10,
      "redirectedPath": "clothes/womensWear",
      "text": "Women Kurta, Pant And Dupatta Set Pure Cotton",
      "image": "../../../images/Clothes/Women/Women Kurta, Pant And Dupatta Set Pure Cotton.jpg",
      "color": "Blue Tide",
      "height": 400,
      "width": 200,
      "cost": 659,
      "size": "L",
      "productType": "clothes"
    },
    {
      "id": 11,
      "redirectedPath": "clothes/womensWear",
      "text": "Women Printed Viscose Rayon Anarkali Kurta  (Green)",
      "image": "../../../images/Clothes/Women/Women Printed Viscose Rayon Anarkali Kurta  (Green).jpg",
      "color": "Green",
      "height": 400,
      "width": 200,
      "cost": 659,
      "size": "L",
      "productType": "clothes"
    },
    {
      "id": 12,
      "redirectedPath": "clothes/womensWear",
      "text": "Women Printed Viscose Rayon Anarkali Kurta  (Pink)",
      "image": "../../../images/Clothes/Women/Women Printed Viscose Rayon Anarkali Kurta  (Pink).jpg",
      "color": "Pink",
      "height": 400,
      "width": 200,
      "cost": 659,
      "size": "L",
      "productType": "clothes"
    },
    {
      "id": 13,
      "redirectedPath": "clothes/womensWear",
      "text": "Women Printed Viscose Rayon Anarkali Kurta  (White)",
      "image": "../../../images/Clothes/Women/Women Printed Viscose Rayon Anarkali Kurta  (White).jpg",
      "color": "White",
      "height": 400,
      "width": 200,
      "cost": 659,
      "size": "L",
      "productType": "clothes"
    },
    {
      "id": 14,
      "redirectedPath": "clothes/womensWear",
      "text": "Women Printed Viscose Rayon Flared Kurta  (Black)",
      "image": "../../../images/Clothes/Women/Women Printed Viscose Rayon Flared Kurta  (Black).jpg",
      "color": "Black",
      "height": 400,
      "width": 200,
      "cost": 659,
      "size": "L",
      "productType": "clothes"
    },
    {
      "id": 15,
      "redirectedPath": "clothes/womensWear",
      "text": "Women Printed Viscose Rayon Flared Kurta  (Green)",
      "image": "../../../images/Clothes/Women/Women Printed Viscose Rayon Flared Kurta  (Green).jpg",
      "color": "Green",
      "height": 400,
      "width": 200,
      "cost": 659,
      "size": "L",
      "productType": "clothes"
    },
    {
      "id": 16,
      "redirectedPath": "clothes/womensWear",
      "text": "women winter jacket Women Solid Quilted Jacket",
      "image": "../../../images/Clothes/Women/women winter jacket Women Solid Quilted Jacket.jpg",
      "color": "Black",
      "height": 400,
      "width": 200,
      "cost": 659,
      "size": "L",
      "productType": "clothes"
    },
    {
      "id": 17,
      "redirectedPath": "clothes/womensWear",
      "text": "Women Maxi Blue Dress",
      "image": "../../../images/Clothes/Women/Women Maxi Blue Dress.jpg",
      "color": "Blue",
      "height": 400,
      "width": 200,
      "cost": 659,
      "size": "L",
      "productType": "clothes"
    },
    {
      "id": 18,
      "redirectedPath": "clothes/womensWear",
      "text": "Women Maxi Maroon Dress",
      "image": "../../../images/Clothes/Women/Women Maxi Maroon Dress.jpg",
      "color": "Maroon",
      "height": 400,
      "width": 200,
      "cost": 659,
      "size": "L",
      "productType": "clothes"
    },
    {
      "id": 19,
      "redirectedPath": "clothes/womensWear",
      "text": "Women Solid Denim Jacket",
      "image": "../../../images/Clothes/Women/Women Solid Denim Jacket.jpg",
      "color": "Blue",
      "height": 400,
      "width": 200,
      "cost": 659,
      "size": "L",
      "productType": "clothes"
    },
    {
      "id": 20,
      "redirectedPath": "clothes/womensWear",
      "text": "Women Solid Quilted Jacket",
      "image": "../../../images/Clothes/Women/Women Solid Quilted Jacket.jpg",
      "color": "Red",
      "height": 400,
      "width": 200,
      "cost": 659,
      "size": "L",
      "productType": "clothes"
    },
    {
      "id": 21,
      "redirectedPath": "clothes/womensWear",
      "text": "Embroidered Bollywood Georgette Saree  (Yellow)",
      "image": "../../../images/Clothes/Women/Embroidered Bollywood Georgette Saree  (Yellow).jpg",
      "color": "Yellow",
      "height": 400,
      "width": 200,
      "cost": 659,
      "size": "L",
      "productType": "clothes"
    },
    {
      "id": 22,
      "redirectedPath": "clothes/womensWear",
      "text": "Women Top and Skirt Set Viscose Rayon White,Green",
      "image": "../../../images/Clothes/Women/Women Top and Skirt Set Viscose Rayon White,Green.jpg",
      "color": "White,Green",
      "height": 400,
      "width": 200,
      "cost": 659,
      "size": "L",
      "productType": "clothes"
    },
    {
      "id": 23,
      "redirectedPath": "clothes/womensWear",
      "text": "Women Kurta and Palazzo Set Art Silk Light Pink",
      "image": "../../../images/Clothes/Women/Women Kurta and Palazzo Set Art Silk Light Pink.jpg",
      "color": "Light Pink",
      "height": 400,
      "width": 200,
      "cost": 659,
      "size": "L",
      "productType": "clothes"
    },
    {
      "id": 24,
      "redirectedPath": "clothes/womensWear",
      "text": "Women Kurta and Palazzo Set Art Silk",
      "image": "../../../images/Clothes/Women/Women Kurta and Palazzo Set Art Silk.jpg",
      "color": "Blue",
      "height": 400,
      "width": 200,
      "cost": 659,
      "size": "L",
      "productType": "clothes"
    },
    {
      "id": 25,
      "redirectedPath": "clothes/womensWear",
      "text": "Women Kurta and Dupatta Set Viscose Rayon Red",
      "image": "../../../images/Clothes/Women/Women Kurta and Dupatta Set Viscose Rayon Red.jpg",
      "color": "Red",
      "height": 400,
      "width": 200,
      "cost": 659,
      "size": "L",
      "productType": "clothes"
    },
    {
      "id": 26,
      "redirectedPath": "clothes/womensWear",
      "text": "Women Kurta and Pant Set Viscose Rayon",
      "image": "../../../images/Clothes/Women/Women Kurta and Pant Set Viscose Rayon.jpg",
      "color": "Sky Blue",
      "height": 400,
      "width": 200,
      "cost": 659,
      "size": "L",
      "productType": "clothes"
    },
    {
      "id": 27,
      "redirectedPath": "clothes/womensWear",
      "text": "Women Printed Viscose Rayon Anarkali Kurta  (Pink)",
      "image": "../../../images/Clothes/Women/Women Printed Viscose Rayon Anarkali Kurta  (Pink).jpg",
      "color": "Pink",
      "height": 400,
      "width": 200,
      "cost": 659,
      "size": "L",
      "productType": "clothes"
    },
    {
      "id": 28,
      "redirectedPath": "clothes/womensWear",
      "text": "Women Full Sleeve Solid Hooded Sweatshirt",
      "image": "../../../images/Clothes/Women/Women Full Sleeve Solid Hooded Sweatshirt.jpg",
      "color": "Green",
      "height": 400,
      "width": 200,
      "cost": 659,
      "size": "L",
      "productType": "clothes"
    }
  ],
  "users": [
    {
      "email": "RV@rv",
      "password": "rv",
      "login": true,
      "id": 1
    },
    {
      "email": "rajRaj@gmail.com",
      "password": "rv",
      "login": true,
      "id": 2
    },
    {
      "email": "sriRam@gmail.com",
      "password": "ram",
      "login": true,
      "id": 3
    },
    {
      "email": "aa@gmail.com",
      "password": "rv",
      "login": true,
      "id": 4
    },
    {
      "email": "rr@gmail.com",
      "password": "rv",
      "login": true,
      "id": 5
    }
  ],
  "usersCart": [
    {
      "user": "sriRam@gmail.com",
      "cart": [],
      "id": 1
    },
    {
      "user": "rr@gmail.com",
      "cart": [],
      "id": 4
    }
  ],
  "usersAddressAndOrders": [
    {
      "userEmail": "rajRaj@gmail.com",
      "address": [
        {
          "id": 1,
          "name": "KKR",
          "number": 87234687234,
          "address": "hnsdgjha jasdvb jsagd jasgbdj "
        },
        {
          "id": 2,
          "name": "KKR",
          "number": 65464546,
          "address": "gbfvbvgf jhjhjh jasdvb jsagd jasgbdj "
        }
      ],
      "id": 1
    },
    {
      "id": 2,
      "userEmail": "rajRaj@gmadhil.com",
      "address": [
        {
          "id": 1,
          "name": "KKR",
          "number": 87234687234,
          "address": "hnsdgjha jasdvb jsagd jasgbdj "
        },
        {
          "id": 2,
          "name": "KKR",
          "number": 65464546,
          "address": "gbfvbvgf jhjhjh jasdvb jsagd jasgbdj "
        }
      ]
    },
    {
      "userEmail": "aa@gmail.com",
      "address": [
        {
          "id": 1,
          "name": "Rajesh Varma",
          "number": "658698564",
          "address": "Near blaaji water plant, Shivalayam Colony, Gorantla, 534354."
        },
        {
          "id": 2720,
          "name": "Gireesh Varma",
          "number": "56854654",
          "address": "Jim colony, Jim Coloniy, jil stert, smnadel., 5465654"
        }
      ],
      "id": 3
    }
  ],
  "userOrders": [
    {
      "userEmail": "aa@gmail.com",
      "orders": [
        {
          "id": 2169,
          "productsCount": 1,
          "item": {
            "id": 1,
            "productType": "mobile",
            "path": "iphoneMobiles",
            "redirectedPath": "mobiles/iphoneMobiles/1",
            "image": "../../images/Mobiles/Iphones/Iphone 14 Blue (128 GB).jpg",
            "text": "Iphone 14 Blue (128 GB)",
            "cost": 80000,
            "os": " ios",
            "version": "16",
            "ram": false,
            "rom": 128,
            "color": "Blue",
            "processor": "A15 Bionic Chip, 6 Core Processor Processor",
            "camera": "12MP + 12MP | 12MP Front Camera",
            "battery": 5000,
            "charger": false,
            "display": 6.1,
            "width": 250,
            "height": 350,
            "description": "Rated IP68 (Maximum Depth of 6 Metres Upto 30 Minutes) Under IEC Standard 60529, 16 Core Neural Engine, Enabled by TrueDepth Camera for Facial Recognition, Emergency SOS, Crash Detection, Digital Compass, Wi-Fi, Cellular, iBeacon Micro-Location, FaceTime Video Calling Over Cellular or Wi?Fi, FaceTime HD (1080p) Video Calling Over 5G or Wi-Fi, Share Experiences Like Movies, TV, Music and Other Apps in a FaceTime Call with SharePlay, Screen Sharing, Portrait Mode in FaceTime Video, Spatial Audio, Voice Isolation and Wide Spectrum, Microphone Modes, Zoom with Rear-Facing Camera, FaceTime Audio, Voice over LTE (VoLTE), Wi-Fi Calling, Spatial Audio Playback, User Configurable Maximum Volume Limit, HDR with Dolby Vision, HDR10 and HLG Upto 4K HDR AirPlay for Mirroring, Photos and Video Out to Apple TV (2nd generation or later) or AirPlay 2 Enabled Smart TV, Video Mirroring and Video Out Support: Upto 1080p Through Lightning Digital AV Adapter and Lightning to VGA Adapter (Adapters Sold Separately), MagSafe Wireless Charging Upto 15 W, Qi Wireless Charging Upto 7.5 W, Charging via USB to Computer System or Power Adapter, Magnet Array, Voice Control, Voice Over, Zoom, Magnifier, RTT and TTY Support, Siri and Dictation, Type to Siri, Switch Control, Closed Captions, Assistive Touch, Spoken Content, Back Tap, Alignment Magnet, Accessory Identification NFC, Magnetometer, System Requirement: Apple ID (Required for Some Features), Internet Access, Syncing to a Mac or PC Requires: macOS Catalina 10.15 or Later Using the Finder, macOS El Capitan 10.11.6 Through macOS Mojave 10.14.6 Using iTunes 12.8 or Later, Windows 7 or Later Using iTunes 12.10.10 or Later (Free Download from apple.com/in/itunes/download), Rating for Hearing Aids: M3, T4",
            "like": false
          },
          "orderedOn": "16/2/2023 @ 9:36:23",
          "delivery": 5,
          "selectedAddress": {
            "id": 2720,
            "name": "Gireesh Varma",
            "number": "56854654",
            "address": "Jim colony, Jim Coloniy, jil stert, smnadel., 5465654"
          }
        },
        {
          "id": 5677,
          "productsCount": 1,
          "item": {
            "id": 1,
            "productType": "mobile",
            "path": "onePlusMobiles",
            "redirectedPath": "mobiles/onePlusMobiles/1",
            "image": "../../images/Mobiles/OnePlus/OnePlus9pro5g.jpg",
            "text": "OnePlus 9 Pro 5g (Morning Mist, 6GB, 128 GB)",
            "cost": 40000,
            "ram": 6,
            "rom": 128,
            "color": "Morning Mist",
            "processor": "Qualcom Snapdragon 875 5G",
            "camera": "48 MP Rear Camera",
            "battery": 5000,
            "os": "Android",
            "version": "12",
            "charger": 67,
            "display": "17inch, 120Hz Fluid Amoled Display",
            "width": 170,
            "height": 350,
            "description": "Rear Quad Camera Co-Developed by Hasselblad, 48 MP Main camera, 50 MP Ultra Wide Angle Camera with Sensor size of 1/1.56'', 8 MP Telepoto Lens, 2 MP Monochorme Lens,16 MP Front Camera Qualcomm Snapdragon 888 Processor with Adreno 660 GPU 6.7 Inches Fluid AMOLED Display with 120Hz refresh rate with Latest LTPO technology OnePlus Oxygen OS based on Andriod 11 Comes with 4500 mAh Battery with 65W Wired Charging and 50W Wireless Charging capability",
            "like": false
          },
          "orderedOn": "16/2/2023 @ 9:36:23",
          "delivery": 5,
          "selectedAddress": {
            "id": 2720,
            "name": "Gireesh Varma",
            "number": "56854654",
            "address": "Jim colony, Jim Coloniy, jil stert, smnadel., 5465654"
          }
        },
        {
          "id": 2400,
          "item": {
            "id": 2,
            "redirectedPath": "clothes/womensWear",
            "text": "Embellished Bollywood Georgette Saree  (Black)",
            "image": "../../../images/Clothes/Women/Embellished Bollywood Georgette Saree  (Black).jpg",
            "color": "Black",
            "height": 400,
            "width": 200,
            "cost": 659,
            "size": "L",
            "productType": "clothes",
            "like": true
          },
          "productsCount": 3,
          "orderedOn": "6/4/2023 @ 21:38:51",
          "delivery": 4,
          "selectedAddress": {
            "id": 1,
            "name": "Rajesh Varma",
            "number": "658698564",
            "address": "Near blaaji water plant, Shivalayam Colony, Gorantla, 534354."
          }
        },
        {
          "id": 9286,
          "productsCount": 1,
          "item": {
            "id": 3,
            "productType": "mobile",
            "path": "iphoneMobiles",
            "redirectedPath": "mobiles/iphoneMobiles/3",
            "image": "../../images/Mobiles/Iphones/APPLE iPhone 12 Mini (Blue, 64 GB).jpg",
            "text": "IPhone 12 Mini (Blue, 64 GB)",
            "cost": 44999,
            "os": " ios",
            "version": "16",
            "ram": false,
            "rom": 64,
            "color": "Sierra Blue",
            "processor": "A14 Bionic Chip",
            "camera": "12MP + 12MP (Rear Camer) | 12MP (Front Camera)",
            "battery": 5000,
            "charger": false,
            "display": 5.4,
            "width": 250,
            "height": 350,
            "description": "Dive into a world of crystal-clear visuals with this iPhone’s Super Retina XDR Display. This beast of a smartphone packs the A14 Bionic chip to make for blazing-fast performance speeds. On top of that, its Dual-camera System, along with Night Mode, helps you click amazing pictures and selfies even when the lighting isn’t as good as you’d want it to be.",
            "like": true
          },
          "orderedOn": "2/5/2023 @ 23:36:31",
          "delivery": 4,
          "selectedAddress": {
            "id": 1,
            "name": "Rajesh Varma",
            "number": "658698564",
            "address": "Near blaaji water plant, Shivalayam Colony, Gorantla, 534354."
          }
        },
        {
          "id": 8784,
          "productsCount": 1,
          "item": {
            "id": 2,
            "redirectedPath": "clothes/mensWear",
            "text": "Men Regular Fit Solid Cut Away Collar Casual Shirt",
            "image": "../../../images/Clothes/Men/Men Regular Fit Solid Cut Away Collar Casual Shirt.jpg",
            "color": "Grey Black",
            "height": 400,
            "width": 300,
            "cost": 399,
            "size": "L",
            "productType": "clothes",
            "like": false
          },
          "orderedOn": "2/5/2023 @ 23:36:31",
          "delivery": 4,
          "selectedAddress": {
            "id": 1,
            "name": "Rajesh Varma",
            "number": "658698564",
            "address": "Near blaaji water plant, Shivalayam Colony, Gorantla, 534354."
          }
        },
        {
          "id": 1183,
          "productsCount": 1,
          "item": {
            "id": 1,
            "productType": "laptop",
            "path": "lenovoLaptops",
            "redirectedPath": "electronics/laptops/lenovoLaptops/1",
            "image": "../../../images/Electronics/Laptops/Lenovo/Lenovo IdeaPad 3 Core i3 11th Gen  (8 GB 512 GB SSD Windows 11 Home).jpg",
            "text": "Lenovo IdeaPad 3 Core i3 11th Gen - (8 GB/512 GB SSD/Windows 11 Home)",
            "height": 300,
            "width": 150,
            "brand": "Lenovo",
            "name": "Lenovo IdeaPad 3 Core i3 11th Gen - (8 GB/512 GB SSD/Windows 11 Home) 82H801L7IN | 82H802FJIN | 82H802L3IN | 82H801LHIN Thin and Light Laptop  (15.6 inch, Arctic Grey, 1.65 kg, With MS Office)",
            "cost": 40000,
            "os": "Windows 11 Home",
            "processorBrand": "intel",
            "processorName": "core i3",
            "processorGeneration": "11th Gen",
            "clockSpeed": "1.7 GHz upto max turbo frequency at 4.1 Ghz",
            "cache": 6,
            "numberOfCores": 2,
            "ram": 8,
            "ramType": "DDR4",
            "expandableMemory": "upto 12 GB",
            "internalStorage": 512,
            "storageType": "SSD",
            "color": "Arctic Grey",
            "weight": "1.65 KG",
            "size": 15.6,
            "dimensions": "359.2 x 236.5 x 19.9 mm",
            "mic": "Yes",
            "bluetooth": "v5.0",
            "wirelessLAN": "11ac, 2x2",
            "keyboard": "Non-backlit, English",
            "backlitKeyboard": "No",
            "model": "15ITL6",
            "type": "Thin and Light Laptop",
            "series": "IdeaPad 3",
            "msOffice": "Yes",
            "suitable": "Processing and Multitasking",
            "salesPackage": "Laptop, Power Adaptor, User Guide, Warranty Documents",
            "description": "Get an opportunity to work anytime and from anywhere as you bring home the Lenovo IdeaPad 3 Core i3 11th Gen laptop. It features a slim 19.9 mm body and weight of about 1.41 kg to ensure flexible portability and stylish looks no matter where you go. Also, its 35.56 cm (14) Full HD display with four-sided narrow bezels renders immersive visuals. Moreover, this laptop is powered by an 11th generation processor and high speed SSD storage that allows you to enjoy efficient performance and massive storage.",
            "like": false
          },
          "orderedOn": "2/5/2023 @ 23:36:31",
          "delivery": 4,
          "selectedAddress": {
            "id": 1,
            "name": "Rajesh Varma",
            "number": "658698564",
            "address": "Near blaaji water plant, Shivalayam Colony, Gorantla, 534354."
          }
        },
        {
          "id": 3906,
          "item": {
            "id": 3,
            "productType": "mobile",
            "path": "iphoneMobiles",
            "redirectedPath": "mobiles/iphoneMobiles/3",
            "image": "../../images/Mobiles/Iphones/APPLE iPhone 12 Mini (Blue, 64 GB).jpg",
            "text": "IPhone 12 Mini (Blue, 64 GB)",
            "cost": 44999,
            "os": " ios",
            "version": "16",
            "ram": false,
            "rom": 64,
            "color": "Sierra Blue",
            "processor": "A14 Bionic Chip",
            "camera": "12MP + 12MP (Rear Camer) | 12MP (Front Camera)",
            "battery": 5000,
            "charger": false,
            "display": 5.4,
            "width": 250,
            "height": 350,
            "description": "Dive into a world of crystal-clear visuals with this iPhone’s Super Retina XDR Display. This beast of a smartphone packs the A14 Bionic chip to make for blazing-fast performance speeds. On top of that, its Dual-camera System, along with Night Mode, helps you click amazing pictures and selfies even when the lighting isn’t as good as you’d want it to be.",
            "like": true
          },
          "productsCount": 2,
          "orderedOn": "6/5/2023 @ 7:35:37",
          "delivery": 3,
          "selectedAddress": {
            "id": 1,
            "name": "Rajesh Varma",
            "number": "658698564",
            "address": "Near blaaji water plant, Shivalayam Colony, Gorantla, 534354."
          }
        },
        {
          "id": 9779,
          "productsCount": 1,
          "item": {
            "id": 2,
            "redirectedPath": "clothes/mensWear",
            "text": "Men Regular Fit Solid Cut Away Collar Casual Shirt",
            "image": "../../../images/Clothes/Men/Men Regular Fit Solid Cut Away Collar Casual Shirt.jpg",
            "color": "Grey Black",
            "height": 400,
            "width": 300,
            "cost": 399,
            "size": "L",
            "productType": "clothes",
            "like": false
          },
          "orderedOn": "6/5/2023 @ 7:35:37",
          "delivery": 3,
          "selectedAddress": {
            "id": 1,
            "name": "Rajesh Varma",
            "number": "658698564",
            "address": "Near blaaji water plant, Shivalayam Colony, Gorantla, 534354."
          }
        },
        {
          "id": 1097,
          "item": {
            "id": 1,
            "productType": "mobile",
            "path": "onePlusMobiles",
            "redirectedPath": "mobiles/onePlusMobiles/1",
            "image": "../../images/Mobiles/OnePlus/OnePlus9pro5g.jpg",
            "text": "OnePlus 9 Pro 5g (Morning Mist, 6GB, 128 GB)",
            "cost": 40000,
            "ram": 6,
            "rom": 128,
            "color": "Morning Mist",
            "processor": "Qualcom Snapdragon 875 5G",
            "camera": "48 MP Rear Camera",
            "battery": 5000,
            "os": "Android",
            "version": "12",
            "charger": 67,
            "display": "17inch, 120Hz Fluid Amoled Display",
            "width": 170,
            "height": 350,
            "description": "Rear Quad Camera Co-Developed by Hasselblad, 48 MP Main camera, 50 MP Ultra Wide Angle Camera with Sensor size of 1/1.56'', 8 MP Telepoto Lens, 2 MP Monochorme Lens,16 MP Front Camera Qualcomm Snapdragon 888 Processor with Adreno 660 GPU 6.7 Inches Fluid AMOLED Display with 120Hz refresh rate with Latest LTPO technology OnePlus Oxygen OS based on Andriod 11 Comes with 4500 mAh Battery with 65W Wired Charging and 50W Wireless Charging capability",
            "like": true
          },
          "productsCount": 2,
          "orderedOn": "6/5/2023 @ 10:44:40",
          "delivery": 2,
          "selectedAddress": {
            "id": 2720,
            "name": "Gireesh Varma",
            "number": "56854654",
            "address": "Jim colony, Jim Coloniy, jil stert, smnadel., 5465654"
          }
        },
        {
          "id": 6413,
          "productsCount": 1,
          "item": {
            "id": 3,
            "path": "lenovoLaptops",
            "redirectedPath": "electronics/laptops/lenovoLaptops/3",
            "productType": "laptop",
            "image": "../../../images/Electronics/Laptops/Lenovo/Lenovo IdeaPad 3 Core i5 12th Gen - (8 GB 512 GB SSD Windows 11 Home).jpg",
            "text": "Lenovo IdeaPad 3 Core i3 11th Gen - (8 GB/512 GB SSD/Windows 11 Home)",
            "height": 300,
            "width": 150,
            "brand": "Lenovo",
            "name": "Lenovo IdeaPad 3 Core i5 12th Gen - (8 GB/512 GB SSD/Windows 11 Home) 15IAU7 Thin and Light Laptop  (15.6 Inch, Arctic Grey, 1.63 Kg, With MS Office)",
            "cost": 57490,
            "os": "Windows 11 Home",
            "processorBrand": "intel",
            "processorName": "core i5",
            "processorGeneration": "12th Gen",
            "clockSpeed": "1.7 GHz upto max turbo frequency at 4.1 Ghz",
            "cache": 6,
            "numberOfCores": 2,
            "ram": 8,
            "ramType": "DDR4",
            "expandableMemory": "upto 12 GB",
            "internalStorage": 512,
            "storageType": "SSD",
            "color": "Arctic Grey",
            "weight": "1.65 KG",
            "size": 15.6,
            "dimensions": "359.2 x 236.5 x 19.9 mm",
            "mic": "Yes",
            "bluetooth": "v5.0",
            "wirelessLAN": "11ac, 2x2",
            "keyboard": "backlit, English",
            "backlitKeyboard": "No",
            "model": "15ITL6",
            "type": "Thin and Light Laptop",
            "series": "IdeaPad 3",
            "msOffice": "Yes",
            "suitable": "Processing and Multitasking",
            "salesPackage": "Laptop, Power Adaptor, User Guide, Warranty Documents",
            "description": "Get an opportunity to work anytime and from anywhere as you bring home the Lenovo IdeaPad 3 Core i3 11th Gen laptop. It features a slim 19.9 mm body and weight of about 1.41 kg to ensure flexible portability and stylish looks no matter where you go. Also, its 35.56 cm (14) Full HD display with four-sided narrow bezels renders immersive visuals. Moreover, this laptop is powered by an 11th generation processor and high speed SSD storage that allows you to enjoy efficient performance and massive storage."
          },
          "orderedOn": "11/5/2023 @ 19:43:56",
          "delivery": 6,
          "selectedAddress": {
            "id": 1,
            "name": "Rajesh Varma",
            "number": "658698564",
            "address": "Near blaaji water plant, Shivalayam Colony, Gorantla, 534354."
          }
        },
        {
          "id": 4430,
          "productsCount": 1,
          "item": {
            "id": 3,
            "productType": "mobile",
            "path": "iphoneMobiles",
            "redirectedPath": "mobiles/iphoneMobiles/3",
            "image": "../../images/Mobiles/Iphones/APPLE iPhone 12 Mini (Blue, 64 GB).jpg",
            "text": "IPhone 12 Mini (Blue, 64 GB)",
            "cost": 44999,
            "os": " ios",
            "version": "16",
            "ram": false,
            "rom": 64,
            "color": "Sierra Blue",
            "processor": "A14 Bionic Chip",
            "camera": "12MP + 12MP (Rear Camer) | 12MP (Front Camera)",
            "battery": 5000,
            "charger": false,
            "display": 5.4,
            "width": 250,
            "height": 350,
            "description": "Dive into a world of crystal-clear visuals with this iPhone’s Super Retina XDR Display. This beast of a smartphone packs the A14 Bionic chip to make for blazing-fast performance speeds. On top of that, its Dual-camera System, along with Night Mode, helps you click amazing pictures and selfies even when the lighting isn’t as good as you’d want it to be.",
            "like": true
          },
          "orderedOn": "11/5/2023 @ 19:43:56",
          "delivery": 6,
          "selectedAddress": {
            "id": 1,
            "name": "Rajesh Varma",
            "number": "658698564",
            "address": "Near blaaji water plant, Shivalayam Colony, Gorantla, 534354."
          }
        },
        {
          "id": 7791,
          "productsCount": 1,
          "item": {
            "id": 3,
            "productType": "mobile",
            "path": "iphoneMobiles",
            "redirectedPath": "mobiles/iphoneMobiles/3",
            "image": "../../images/Mobiles/Iphones/APPLE iPhone 12 Mini (Blue, 64 GB).jpg",
            "text": "IPhone 12 Mini (Blue, 64 GB)",
            "cost": 44999,
            "os": " ios",
            "version": "16",
            "ram": false,
            "rom": 64,
            "color": "Sierra Blue",
            "processor": "A14 Bionic Chip",
            "camera": "12MP + 12MP (Rear Camer) | 12MP (Front Camera)",
            "battery": 5000,
            "charger": false,
            "display": 5.4,
            "width": 250,
            "height": 350,
            "description": "Dive into a world of crystal-clear visuals with this iPhone’s Super Retina XDR Display. This beast of a smartphone packs the A14 Bionic chip to make for blazing-fast performance speeds. On top of that, its Dual-camera System, along with Night Mode, helps you click amazing pictures and selfies even when the lighting isn’t as good as you’d want it to be.",
            "like": true
          },
          "orderedOn": "15/5/2023 @ 21:27:44",
          "delivery": 4,
          "selectedAddress": {
            "id": 2720,
            "name": "Gireesh Varma",
            "number": "56854654",
            "address": "Jim colony, Jim Coloniy, jil stert, smnadel., 5465654"
          }
        },
        {
          "id": 594,
          "item": {
            "id": 1,
            "productType": "mobile",
            "path": "iphoneMobiles",
            "redirectedPath": "mobiles/iphoneMobiles/1",
            "image": "../../images/Mobiles/Iphones/Iphone 14 Blue (128 GB).jpg",
            "text": "Iphone 14 Blue (128 GB)",
            "cost": 80000,
            "os": " ios",
            "version": "16",
            "ram": false,
            "rom": 128,
            "color": "Blue",
            "processor": "A15 Bionic Chip, 6 Core Processor Processor",
            "camera": "12MP + 12MP | 12MP Front Camera",
            "battery": 5000,
            "charger": false,
            "display": 6.1,
            "width": 250,
            "height": 350,
            "description": "Rated IP68 (Maximum Depth of 6 Metres Upto 30 Minutes) Under IEC Standard 60529, 16 Core Neural Engine, Enabled by TrueDepth Camera for Facial Recognition, Emergency SOS, Crash Detection, Digital Compass, Wi-Fi, Cellular, iBeacon Micro-Location, FaceTime Video Calling Over Cellular or Wi?Fi, FaceTime HD (1080p) Video Calling Over 5G or Wi-Fi, Share Experiences Like Movies, TV, Music and Other Apps in a FaceTime Call with SharePlay, Screen Sharing, Portrait Mode in FaceTime Video, Spatial Audio, Voice Isolation and Wide Spectrum, Microphone Modes, Zoom with Rear-Facing Camera, FaceTime Audio, Voice over LTE (VoLTE), Wi-Fi Calling, Spatial Audio Playback, User Configurable Maximum Volume Limit, HDR with Dolby Vision, HDR10 and HLG Upto 4K HDR AirPlay for Mirroring, Photos and Video Out to Apple TV (2nd generation or later) or AirPlay 2 Enabled Smart TV, Video Mirroring and Video Out Support: Upto 1080p Through Lightning Digital AV Adapter and Lightning to VGA Adapter (Adapters Sold Separately), MagSafe Wireless Charging Upto 15 W, Qi Wireless Charging Upto 7.5 W, Charging via USB to Computer System or Power Adapter, Magnet Array, Voice Control, Voice Over, Zoom, Magnifier, RTT and TTY Support, Siri and Dictation, Type to Siri, Switch Control, Closed Captions, Assistive Touch, Spoken Content, Back Tap, Alignment Magnet, Accessory Identification NFC, Magnetometer, System Requirement: Apple ID (Required for Some Features), Internet Access, Syncing to a Mac or PC Requires: macOS Catalina 10.15 or Later Using the Finder, macOS El Capitan 10.11.6 Through macOS Mojave 10.14.6 Using iTunes 12.8 or Later, Windows 7 or Later Using iTunes 12.10.10 or Later (Free Download from apple.com/in/itunes/download), Rating for Hearing Aids: M3, T4",
            "like": true
          },
          "productsCount": 1,
          "orderedOn": "15/5/2023 @ 21:27:44",
          "delivery": 4,
          "selectedAddress": {
            "id": 2720,
            "name": "Gireesh Varma",
            "number": "56854654",
            "address": "Jim colony, Jim Coloniy, jil stert, smnadel., 5465654"
          }
        }
      ],
      "id": 1
    }
  ]
}